actual_price,predicted_price,absolute_error
14800000,16180580.788882222,1380580.788882222
34900000,30317780.75754247,4582219.242457531
30490000,32096819.881136447,1606819.8811364472
39500000,31832184.343606137,7667815.656393863
31000000,34655207.03295419,3655207.0329541937
33000000,52589265.840595745,19589265.840595745
20000000,22469001.175709378,2469001.175709378
13700000,10626300.753968254,3073699.2460317463
128000000,121819295.68651259,6180704.313487411
27000000,24703002.461037464,2296997.5389625356
26000000,23554191.285431832,2445808.714568168
173500000,133357897.33246213,40142102.66753787
38000000,40644960.90577076,2644960.9057707563
155000000,131555517.84325394,23444482.15674606
24000000,25492689.60913891,1492689.6091389097
61000000,61119870.936627895,119870.93662789464
56000000,50518457.856531955,5481542.143468045
75090000,72628717.30664495,2461282.6933550537
48700000,61489623.25746001,12789623.257460013
15500000,15499142.135642136,857.8643578644842
60000000,60532233.429252736,532233.4292527363
30500000,48229222.64088689,17729222.640886888
33500000,38569873.25382426,5069873.253824256
39000000,32777339.7544096,6222660.2455904
59000000,58235284.11619558,764715.8838044181
7300000,11251750.992063494,3951750.9920634944
12500000,12445660.684523806,54339.315476194024
189000000,194330172.50091568,5330172.500915676
256000000,304535073.7364719,48535073.73647189
48000000,49244065.06449216,1244065.0644921586
90000000,75671386.77390324,14328613.226096764
30800000,40077199.85695243,9277199.856952429
70000000,80824147.64943725,10824147.649437249
55900000,68077072.77306026,12177072.773060262
75000000,97662366.65476188,22662366.65476188
63990000,59824939.29360917,4165060.706390828
25915000,25320577.00572726,594422.9942727387
18500000,19756318.211923525,1256318.2119235247
43500000,43277705.44578063,222294.55421937257
55000000,66371740.67066026,11371740.670660257
46500000,52325504.45594567,5825504.455945671
34000000,36203203.410714276,2203203.410714276
45700000,46954524.07972894,1254524.0797289386
75500000,78001712.30699855,2501712.306998551
17000000,24874342.400824446,7874342.400824446
32000000,34202913.70275258,2202913.7027525827
26800000,27276569.710622717,476569.7106227167
63000000,75150991.7767857,12150991.776785702
57000000,58118708.72167449,1118708.721674487
55000000,64002547.48933063,9002547.489330627
48500000,57526598.8719429,9026598.8719429
210000000,208099548.3333333,1900451.6666666865
32000000,39011744.68552435,7011744.685524352
20000000,19205629.86904762,794370.1309523806
23500000,25092083.640209917,1592083.640209917
21100000,20996601.58877048,103398.41122952104
79500000,69275344.07723051,10224655.922769487
141400000,119337816.71400268,22062183.285997316
28000000,31657902.506717276,3657902.506717276
48700000,43390131.38517478,5309868.614825219
46000000,46264206.62783471,264206.6278347075
115000000,103120285.5936481,11879714.406351894
30000000,32284577.3558224,2284577.3558223993
71000000,88379878.32171255,17379878.321712554
21000000,21265339.223038208,265339.22303820774
30000000,25668093.672469,4331906.327530999
27414000,30500450.135880925,3086450.1358809248
26500000,29354651.833333336,2854651.833333336
13500000,13747883.732142856,247883.73214285634
13500000,11286409.047619047,2213590.9523809534
30500000,31001888.78350646,501888.7835064605
41000000,41930285.38698815,930285.3869881481
25500000,27569912.048946965,2069912.0489469655
45500000,42858774.70936432,2641225.2906356826
40000000,45769567.27482295,5769567.27482295
21500000,22233148.27632401,733148.2763240114
19800000,15004638.767350556,4795361.232649444
59500000,56559534.751342975,2940465.2486570254
19000000,21033874.54365079,2033874.543650791
20700000,29210031.923934866,8510031.923934866
31000000,31059187.292229243,59187.29222924262
53000000,46767280.92643343,6232719.073566571
27200000,25197694.3250354,2002305.6749645993
33500000,28080479.84990922,5419520.15009078
46000000,40158144.7510689,5841855.248931102
51000000,46806894.94861501,4193105.051384993
28500000,26850436.21136789,1649563.7886321098
20300000,13567079.523809524,6732920.476190476
310000000,326595858.3333333,16595858.333333313
30500000,26902731.435453776,3597268.5645462237
29500000,39197122.52674102,9697122.52674102
23000000,22671727.347349852,328272.6526501477
43000000,62051572.98470695,19051572.984706953
109000000,94739404.10508579,14260595.89491421
42990000,51266132.45224616,8276132.452246159
33000000,36687243.05758971,3687243.0575897098
18000000,19612159.018087745,1612159.0180877447
78000000,77002135.43047771,997864.5695222914
77000000,76586229.53373015,413770.46626985073
41500000,41490661.68686726,9338.313132740557
65000000,65117751.33900693,117751.33900693059
27000000,30567420.40319887,3567420.4031988718
22000000,29043034.905340467,7043034.905340467
36500000,27483487.726070438,9016512.273929562
46000000,40869211.50371435,5130788.496285647
24900000,25885254.712238554,985254.7122385539
45000000,38754160.15078678,6245839.84921322
29900000,23344856.428571425,6555143.571428575
45000000,41885437.30841859,3114562.691581413
15980000,18615853.677499626,2635853.677499626
83000000,69173524.40420538,13826475.595794618
85000000,79525310.55643278,5474689.443567216
16500000,16996228.7202381,496228.72023810074
31000000,26168117.50283444,4831882.497165561
46000000,45394794.21977952,605205.7802204788
49500000,40545748.00099208,8954251.999007918
18500000,18467930.1200385,32069.879961501807
40000000,36214707.465159856,3785292.534840144
15148000,25419643.92763773,10271643.92763773
110000000,82500336.94139192,27499663.058608085
22500000,22863249.342809968,363249.3428099677
45500000,40903388.49915406,4596611.500845939
55000000,39282965.399725266,15717034.600274734
27500000,29214961.942205425,1714961.9422054254
7500000,9339064.146825401,1839064.146825401
28450000,28300983.132489342,149016.86751065776
27500000,25391602.108688246,2108397.8913117535
65000000,51166313.00719538,13833686.992804617
42500000,40468386.54042138,2031613.4595786184
112000000,105677306.48355131,6322693.5164486915
25000000,26632350.156157903,1632350.1561579034
26000000,24725683.658907793,1274316.3410922065
34500000,37388356.56746032,2888356.567460321
167000000,149228288.28492144,17771711.715078562
69000000,61131172.11070356,7868827.889296442
18500000,18069164.514880955,430835.4851190448
16999500,13443629.464285709,3555870.535714291
88000000,94749347.14249638,6749347.142496377
44000000,46342067.22796281,2342067.227962807
41500000,42143044.776953585,643044.7769535854
67000000,67568727.2084707,568727.2084707022
63000000,69801257.87835407,6801257.878354073
26500000,24019894.46051654,2480105.5394834615
110000000,104591680.57271802,5408319.427281976
38000000,59440189.92508188,21440189.92508188
49500000,47016712.460966974,2483287.5390330255
67000000,74407051.2406123,7407051.240612298
120000000,100196496.08408554,19803503.91591446
68700000,72235139.11904764,3535139.1190476418
49800000,39909657.87123355,9890342.128766447
7300000,9229311.753968256,1929311.7539682556
37800000,49050473.573670454,11250473.573670454
175000000,123504976.13095231,51495023.86904769
22900000,25119335.3575722,2219335.3575722016
20600000,26487592.437604424,5887592.437604424
55500000,61745539.898130596,6245539.898130596
25000000,27218267.587405782,2218267.587405782
23000000,25452482.06072465,2452482.0607246496
29000000,29401878.993851826,401878.9938518256
68550000,66582583.754389904,1967416.2456100956
122000000,134079048.42553481,12079048.425534815
21000000,21358233.459652666,358233.459652666
84000000,93340426.57567295,9340426.575672954
51000000,46347550.704584196,4652449.295415804
19000000,23197814.44414565,4197814.44414565
70000000,78537782.07463029,8537782.07463029
19500000,22637830.755749952,3137830.755749952
490000000,293071130.65476185,196928869.34523815
14800000,16086134.93197279,1286134.9319727905
22500000,23550125.4894564,1050125.4894564003
23199500,21347672.79711246,1851827.2028875388
46500000,49239618.05696195,2739618.0569619536
42000000,31297859.849299833,10702140.150700167
25000000,20055865.35489129,4944134.645108711
44000000,40948441.32555289,3051558.674447112
29500000,31706794.6940769,2206794.6940768994
72000000,54928639.92776364,17071360.07223636
79500000,62437688.157439396,17062311.842560604
56788000,47373404.68656703,9414595.31343297
51000000,48773003.679284565,2226996.320715435
84500000,86976430.7394622,2476430.739462197
32000000,24248793.59072127,7751206.409278732
80999500,72174713.9513059,8824786.048694104
22500000,23154540.29575123,654540.2957512289
75000000,78130236.13095239,3130236.130952388
27000000,41272730.61609041,14272730.61609041
45000000,48708833.42484785,3708833.4248478487
21500000,26855496.163649764,5355496.163649764
43500000,50523375.82209107,7023375.822091073
57750000,60583490.329578705,2833490.329578705
82000000,85887688.3103411,3887688.310341105
17000000,15711439.051587302,1288560.9484126978
202515000,313304548.545635,110789548.54563498
34500000,33216626.60714284,1283373.3928571604
55000000,47578384.94777222,7421615.05222778
210000000,171735740.61588046,38264259.38411954
19900000,20286723.97796067,386723.9779606685
24999000,25408610.194785334,409610.19478533417
36990000,34369684.83660391,2620315.1633960903
42900000,39621407.08561541,3278592.9143845886
49000000,28985443.059531726,20014556.940468274
61000000,61006479.98119805,6479.981198050082
90000000,32719341.77597403,57280658.224025965
17800000,20117582.87664987,2317582.8766498715
17000000,18549573.3234127,1549573.3234127015
36000000,36828431.028232515,828431.0282325149
16999500,20262604.58609141,3263104.5860914104
245000000,243374820.9920635,1625179.0079365075
40500000,35621554.80357144,4878445.19642856
46000000,43442254.723990135,2557745.276009865
130000000,61055150.21049777,68944849.78950223
16500000,16823166.307720054,323166.30772005394
42000000,36354271.70814243,5645728.29185757
16500000,16469280.090668285,30719.909331714734
39000000,37690892.31157017,1309107.6884298325
69700000,62996037.329671085,6703962.670328915
67000000,114459735.62944473,47459735.62944473
14500000,13557009.718253965,942990.2817460354
78000000,73420001.843254,4579998.156746
37500000,43744181.88630493,6244181.88630493
23500000,23354478.25047745,145521.74952254817
85000000,56232725.27514419,28767274.72485581
49300000,33624360.297619045,15675639.702380955
16700000,15091359.153679654,1608640.846320346
22500000,25997637.99418122,3497637.9941812195
31000000,37211719.13445613,6211719.134456128
56000000,65417863.18241065,9417863.18241065
55999500,76568202.69607045,20568702.696070448
60000000,71270919.01846385,11270919.01846385
24200000,25300810.878616963,1100810.8786169626
29500000,29024072.077894054,475927.92210594565
50000000,50975851.23225193,975851.2322519273
43500000,44297755.54889154,797755.5488915369
16900000,18924237.730047036,2024237.730047036
41500000,37456440.90401935,4043559.0959806517
27000000,31504458.87825271,4504458.878252711
27500000,26745874.117392406,754125.8826075941
38500000,31812302.34409997,6687697.655900031
72000000,62723723.299428396,9276276.700571604
52000000,66535754.45088976,14535754.450889759
28500000,32187509.908045843,3687509.9080458432
73000000,67534176.23956412,5465823.760435879
34500000,31889534.981341705,2610465.0186582953
32000000,60178378.29416279,28178378.294162787
21700000,23912784.33723714,2212784.3372371383
36500000,47897312.29324354,11397312.293243542
26000000,21974827.65686274,4025172.3431372605
15500000,13159633.09523809,2340366.9047619104
34000000,35356227.30022071,1356227.300220713
33000000,41517464.551168345,8517464.551168345
31500000,28717688.423027992,2782311.5769720078
38000000,56110144.85633972,18110144.856339723
36000000,36309853.62281764,309853.622817643
28000000,31679354.543662943,3679354.543662943
33500000,39842793.64002957,6342793.640029572
40500000,51894348.65310325,11394348.653103247
7200000,8185043.16666667,985043.1666666698
30000000,33904812.93728905,3904812.9372890517
32900000,30160442.319992848,2739557.6800071523
23500000,27234818.692134563,3734818.692134563
38500000,60331784.091054395,21831784.091054395
179000000,183528591.0544872,4528591.054487199
54999000,52450591.75815877,2548408.241841227
40500000,34329428.832440935,6170571.167559065
47000000,52304651.44997608,5304651.449976079
33450000,38882047.24358219,5432047.243582189
50000000,48398729.71601465,1601270.2839853466
26000000,26868055.928257316,868055.9282573164
37000000,37811529.53247335,811529.5324733481
32900000,32358229.99237956,541770.0076204389
23600000,24945842.36781085,1345842.367810849
24500000,30485695.87024171,5985695.870241709
21000000,24697511.72619048,3697511.7261904813
25500000,28461887.672283296,2961887.6722832955
26000000,27703336.508547004,1703336.5085470043
32000000,32615472.08085248,615472.0808524787
25000000,27093292.563374773,2093292.5633747727
34900000,22493256.202504892,12406743.797495108
23000000,22816646.470061474,183353.52993852645
58600000,51279782.776648834,7320217.223351166
45000000,42076047.67282957,2923952.3271704316
23500000,20074745.904178727,3425254.0958212726
18000000,15640940.854652144,2359059.145347856
115000000,126843231.50793652,11843231.507936522
38900000,36498564.89583334,2401435.1041666567
29900000,38377740.51517438,8477740.515174381
58000000,43641584.31740952,14358415.682590477
25500000,25470195.713178072,29804.286821927875
25000000,36159196.98648741,11159196.986487411
22000000,54381284.70317738,32381284.703177378
57000000,62692991.77489178,5692991.774891779
44500000,51704840.94738862,7204840.947388619
22500000,22285075.114848223,214924.88515177742
33000000,31915120.680974618,1084879.3190253824
38500000,43255689.10335497,4755689.103354968
16600000,16498845.538149355,101154.46185064502
19500000,19228696.843073595,271303.1569264047
48000000,51361756.48576161,3361756.4857616127
35000000,35088439.18442276,88439.1844227612
65000000,66172507.252359495,1172507.2523594946
14000000,16024620.502082886,2024620.5020828862
57000000,77678218.95010456,20678218.950104564
43500000,47430387.77774997,3930387.7777499706
25000000,24360185.411377646,639814.588622354
28200000,28409436.436774965,209436.43677496538
51000000,53525794.22307203,2525794.2230720297
65000000,54154094.606580354,10845905.393419646
62600000,65706858.174963854,3106858.1749638543
21000000,21816008.96460697,816008.9646069705
17990000,17887006.25667919,102993.74332081154
100000000,107021745.5862513,7021745.586251304
31500000,26840543.360766042,4659456.639233958
55000000,52173247.00556442,2826752.9944355786
49700000,47510173.83245358,2189826.1675464213
41000000,48096614.24567745,7096614.245677449
25000000,24008026.542799756,991973.4572002441
55000000,50146950.87471917,4853049.125280827
23300000,28706646.90379455,5406646.903794549
89990000,212088875.2380953,122098875.23809531
65000000,64798600.40574574,201399.59425426275
33500000,28622348.725523457,4877651.274476543
51000000,60873131.66275313,9873131.662753128
55000000,53017457.159680985,1982542.840319015
22900000,26143652.568142872,3243652.5681428723
37500000,37558104.66497706,58104.66497705877
42000000,53720451.94071927,11720451.94071927
21800000,25713520.171370354,3913520.1713703535
37500000,38240525.57142859,740525.5714285895
125000000,102799845.96736974,22200154.032630265
280000000,185463322.84166378,94536677.15833622
85000000,99188563.53006084,14188563.530060843
38500000,37303046.177503064,1196953.8224969357
10600000,10602300.396825397,2300.396825397387
18000000,20294580.606419317,2294580.6064193174
34000000,51377694.05224871,17377694.05224871
74000000,103422435.26414612,29422435.26414612
66625000,71987915.52591676,5362915.525916755
29000000,28237487.018213954,762512.9817860462
72000000,68914513.96190716,3085486.0380928367
27000000,25486025.189619265,1513974.8103807345
34500000,39252306.45475409,4752306.454754092
23500000,25854433.131613363,2354433.1316133626
16596000,20128083.35700313,3532083.35700313
86000000,96703567.9865696,10703567.986569598
72000000,89981126.30547076,17981126.305470765
20000000,19962242.31406896,37757.68593104184
70000000,60603885.33243146,9396114.667568542
52000000,38077093.693222314,13922906.306777686
53800000,56024949.25750818,2224949.257508181
34000000,25486337.690125313,8513662.309874687
40500000,59959562.55863348,19459562.558633476
38500000,42051060.99612351,3551060.9961235076
17000000,15512177.142857146,1487822.8571428545
20500000,21400966.509407893,900966.5094078928
11500000,15160890.099206347,3660890.099206347
38000000,28732997.832025822,9267002.167974178
55000000,57277074.57954673,2277074.5795467272
27000000,31395001.340069596,4395001.340069596
41000000,39044208.948179275,1955791.0518207252
65000000,65043087.08051749,43087.08051749319
28000000,27338761.542717997,661238.457282003
37000000,40413776.22565823,3413776.2256582305
31000000,47211519.737771295,16211519.737771295
76000000,61604158.36842763,14395841.631572373
46000000,48229439.50982497,2229439.509824969
65500000,59730803.05128204,5769196.948717959
28500000,26862903.852391936,1637096.147608064
18500000,18449452.219320532,50547.780679468066
130000000,111832622.67208645,18167377.327913553
28000000,25451558.97700504,2548441.0229949616
42000000,44025135.15137849,2025135.15137849
21900000,22078756.052041363,178756.05204136297
73000000,92751308.42626183,19751308.426261827
58000000,60760533.75030943,2760533.75030943
21900000,25861371.37225056,3961371.3722505607
38000000,39967579.903447986,1967579.9034479856
55500000,86885862.20568785,31385862.20568785
23000000,29800339.29127836,6800339.291278359
25900000,26424533.989789557,524533.9897895567
75000000,81528494.6395046,6528494.639504597
56000000,46788929.506052464,9211070.493947536
20000000,23982914.38545929,3982914.385459289
39800000,56173031.20809123,16373031.20809123
33900000,29241644.84240609,4658355.15759391
110822500,118904202.38690472,8081702.3869047165
30000000,30476742.870151516,476742.87015151605
25000000,28889831.95102988,3889831.951029882
35000000,31110069.017750904,3889930.982249096
350000000,291827694.9285715,58172305.07142848
6800000,19651885.182884753,12851885.182884753
27000000,27038401.15551503,38401.15551503003
45000000,35155455.611065425,9844544.388934575
27200000,32313521.166591335,5113521.166591335
93000000,61537934.38142449,31462065.618575513
28000000,30563554.14156401,2563554.1415640116
26500000,29583043.396657597,3083043.3966575973
32000000,35870196.523332514,3870196.523332514
86000000,108097378.00601205,22097378.006012052
31500000,38188532.77357024,6688532.77357024
75990000,82174230.75785342,6184230.757853419
25000000,23011589.250842907,1988410.7491570935
10000000,12180992.071428578,2180992.0714285783
60000000,45408456.615850314,14591543.384149686
55500000,52694970.61759768,2805029.382402323
116900000,95970519.93491545,20929480.065084547
120000000,74720505.2211289,45279494.778871104
25500000,24259252.430648547,1240747.5693514533
55000000,58170581.788531005,3170581.7885310054
33000000,34258136.30705237,1258136.3070523664
15500000,15499142.135642136,857.8643578644842
43300000,57113512.11943515,13813512.119435146
16500000,25028472.212131657,8528472.212131657
75000000,68362705.0407648,6637294.959235206
22500000,30288690.503774937,7788690.503774937
18200000,21125016.020224202,2925016.0202242024
77000000,83347257.99192825,6347257.99192825
69900000,77704459.07539684,7804459.075396836
51000000,56286719.897873834,5286719.897873834
10500000,14955955.915750911,4455955.915750911
31600000,30348521.213305656,1251478.7866943441
48500000,60861130.224479474,12361130.224479474
16000000,20418553.329265624,4418553.329265624
44000000,46818201.45456382,2818201.454563819
62500000,35934878.534239784,26565121.465760216
32000000,35494201.73611113,3494201.736111127
23500000,21006694.48876047,2493305.5112395287
27500000,28305093.73076923,805093.7307692282
56800000,63199707.28270196,6399707.282701962
54000000,70826229.72165231,16826229.721652314
72000000,100746078.65031546,28746078.650315464
40000000,38920102.51239694,1079897.487603061
19500000,23905961.824232697,4405961.8242326975
16500000,16276429.446248198,223570.55375180207
34500000,29775110.72353739,4724889.276462611
69500000,68127886.7420075,1372113.257992506
32000000,26018265.304487176,5981734.695512824
20200000,21552616.99830386,1352616.9983038604
15800000,21509857.085463706,5709857.085463706
20000000,23423317.33593583,3423317.335935831
24000000,25926231.19246032,1926231.192460321
153500000,179008749.29761913,25508749.297619134
50000000,44511697.7202927,5488302.279707298
24000000,30468145.912337657,6468145.912337657
47000000,50241654.93326874,3241654.933268741
31000000,34424321.57878713,3424321.578787133
45000000,36630341.51773353,8369658.482266471
30886000,44701259.35464069,13815259.354640692
63000000,41557894.28032967,21442105.719670333
23000000,21568620.841269847,1431379.158730153
83000000,72056117.98611383,10943882.013886169
95000000,76757252.0,18242748.0
57000000,60644171.494042985,3644171.494042985
54000000,71271912.46756354,17271912.46756354
66000000,96421506.36507936,30421506.36507936
35000000,38027817.577807516,3027817.577807516
45000000,43435532.403154776,1564467.5968452245
43500000,36561669.32023062,6938330.679769382
23000000,22929106.18673096,70893.81326904148
51000000,61296345.68162827,10296345.681628272
45000000,51532493.267317444,6532493.267317444
119000000,74746977.42851308,44253022.57148692
39800000,84559743.18358496,44759743.18358496
18500000,23414682.487684723,4914682.487684723
23500000,23591878.114547983,91878.11454798281
65000000,83236251.70734127,18236251.70734127
21000000,23805931.520414136,2805931.5204141364
13200000,12509781.626984129,690218.3730158713
21450000,21553059.169844307,103059.169844307
16200000,11814233.928571427,4385766.071428573
18000000,19909666.821199633,1909666.8211996332
38000000,42771414.85518502,4771414.855185017
26000000,25874594.57575224,125405.42424776033
18800000,18813248.737626776,13248.7376267761
25000000,23755911.457051083,1244088.5429489166
17990000,18472527.27435065,482527.2743506506
56500000,49093207.50828524,7406792.491714761
24500000,23531521.93816869,968478.0618313104
20700000,23577431.735832114,2877431.735832114
22000000,24606284.385079283,2606284.3850792833
35500000,40356246.84453574,4856246.844535738
38500000,39911305.10497854,1411305.104978539
10200000,7947865.636904764,2252134.363095236
20000000,25263891.283441987,5263891.283441987
54000000,45618242.728570424,8381757.271429576
39000000,44276083.854306705,5276083.854306705
49900000,48336537.55492096,1563462.4450790435
36000000,39408775.6328035,3408775.6328034997
78900000,62838906.47257342,16061093.527426578
51000000,42973258.230878904,8026741.769121096
27500000,25089929.118329562,2410070.8816704378
30000000,33962697.93747212,3962697.93747212
42000000,33286346.17261905,8713653.827380951
63000000,62155446.65835509,844553.341644913
32000000,26611490.349567104,5388509.650432896
33500000,39678755.45691777,6178755.45691777
62000000,59513437.325114354,2486562.6748856455
90000000,87011791.39287494,2988208.607125059
25500000,28963856.39111147,3463856.3911114708
30000000,27911971.207382504,2088028.792617496
279000000,245268459.64285704,33731540.357142955
48500000,47399601.76240666,1100398.237593338
60000000,61384203.13801721,1384203.1380172074
122000000,115055866.16490018,6944133.835099816
23500000,25816757.46612118,2316757.466121182
17000000,25238731.624778956,8238731.624778956
9500000,11555854.166666668,2055854.166666668
37800000,39151606.50426983,1351606.5042698309
88000000,83357378.07786019,4642621.922139809
28000000,29522372.347727142,1522372.3477271423
65600000,63505147.77488923,2094852.2251107693
31750000,27276600.06473308,4473399.935266919
70000000,49892304.21244591,20107695.787554093
93000000,92737845.74467319,262154.2553268075
21500000,22699248.486129142,1199248.4861291423
30000000,28097367.74404762,1902632.2559523806
25500000,23635057.256493505,1864942.743506495
56000000,46018819.99210703,9981180.007892974
15000000,16166145.63727012,1166145.637270121
35500000,33852032.68488099,1647967.3151190132
25000000,24250909.23541152,749090.764588479
56000000,72914920.07605277,16914920.07605277
95000000,92035199.04430172,2964800.9556982815
16500000,15176936.299603175,1323063.7003968246
20500000,23888840.34302364,3388840.343023639
57000000,57933604.02919092,933604.0291909203
33000000,33885141.71488931,885141.7148893103
28000000,26486932.119825453,1513067.8801745474
21900000,23847497.297786485,1947497.2977864854
27000000,33731624.64330196,6731624.643301956
27500000,28968363.08179345,1468363.0817934498
50225000,72408470.2373297,22183470.237329707
49500000,42196080.20322947,7303919.796770528
32000000,44023361.76161246,12023361.76161246
105000000,189564296.9722222,84564296.97222221
25500000,24499208.076038904,1000791.9239610955
30000000,41144618.14601382,11144618.146013819
140000000,137087941.08730158,2912058.912698418
52500000,66771605.43692875,14271605.43692875
22600000,23632484.89180164,1032484.8918016404
65000000,51552752.65679377,13447247.343206227
18705000,27607723.000179633,8902723.000179633
45000000,43837993.01883385,1162006.9811661467
20000000,26445624.30454813,6445624.304548129
70000000,76032416.54798217,6032416.547982171
249999500,256915215.047619,6915715.047618985
42000000,47586198.27733312,5586198.277333118
36000000,43123936.68444807,7123936.684448071
120000000,90929692.14089346,29070307.85910654
35900000,40892262.05433885,4992262.05433885
243000000,240545609.16035342,2454390.839646578
50000000,53978142.076652154,3978142.0766521543
46500000,45539093.02632081,960906.9736791924
27000000,29113986.0329633,2113986.0329632983
33000000,32359619.593687385,640380.4063126147
48000000,52142483.82651067,4142483.826510668
165000000,179712197.80952376,14712197.809523761
20450000,20921510.995670997,471510.9956709966
46500000,53657872.77412347,7157872.7741234675
120000000,110425620.66481264,9574379.33518736
18000000,17685202.710317455,314797.28968254477
37500000,42487655.021395855,4987655.021395855
45000000,41622371.1512034,3377628.8487965986
50000000,54336553.34253634,4336553.342536338
22500000,27441386.056552153,4941386.056552153
15000000,16507594.17302481,1507594.1730248109
19000000,21682940.036363345,2682940.0363633446
28800000,28415385.178470537,384614.82152946293
24000000,30172153.5931678,6172153.5931678
49000000,42724064.55471612,6275935.445283882
28900000,30165678.42806388,1265678.4280638807
65000000,68507723.83066446,3507723.830664456
65000000,53706469.599594906,11293530.400405094
97000000,124450679.92143744,27450679.921437442
110000000,65634645.80067875,44365354.19932125
30000000,31203849.619273357,1203849.619273357
69000000,63403034.233412154,5596965.766587846
68000000,53131011.30738136,14868988.692618638
43500000,38809380.48303532,4690619.516964681
10000000,9468075.54761905,531924.4523809496
45500000,47765813.77421383,2265813.774213828
17900000,19727251.9934163,1827251.9934162982
47500000,48347298.081184156,847298.0811841562
19500000,22078875.862631038,2578875.862631038
16100000,16206593.367930688,106593.36793068796
41000000,40046740.281683184,953259.7183168158
30500000,30970599.403050113,470599.40305011347
21000000,22916457.322924055,1916457.3229240552
75000000,69773827.85678479,5226172.143215209
25000000,17972765.959956717,7027234.040043283
29999500,30488780.964469954,489280.9644699544
21000000,23743889.586358704,2743889.5863587037
27500000,31269383.95792535,3769383.9579253495
35000000,40776371.39089891,5776371.390898913
75000000,62821594.61960585,12178405.380394153
26000000,32428535.605758328,6428535.605758328
16200000,18267303.367565405,2067303.3675654046
27800000,28438223.05241016,638223.0524101593
25000000,30367462.332175497,5367462.332175497
210000000,197905879.80555552,12094120.194444478
46500000,42864863.38156476,3635136.6184352413
22400000,23995495.826489393,1595495.8264893927
14200000,13611165.55322129,588834.4467787091
13900000,15370501.10714285,1470501.1071428508
35000000,33264503.71221008,1735496.2877899185
138000000,128536927.10955605,9463072.89044395
23000000,23359158.37522561,359158.37522561103
32500000,32449375.490063287,50624.50993671268
24000000,24648152.627102684,648152.6271026842
25000000,26463842.533145364,1463842.5331453644
50000000,55300595.80836285,5300595.808362849
36000000,36507451.5093447,507451.509344697
45500000,47006733.26656697,1506733.2665669695
23500000,24256103.965026382,756103.9650263824
51000000,56439381.32805927,5439381.328059271
45000000,35338068.179112546,9661931.820887454
55000000,58767473.955793925,3767473.9557939246
38000000,35691032.701717876,2308967.298282124
25900000,25678145.97958577,221854.02041422948
24000000,22384540.418865565,1615459.5811344348
29500000,27604361.048795894,1895638.9512041062
11100000,16907856.381383713,5807856.381383713
55000000,47283760.387272656,7716239.612727344
30700000,29523905.936797384,1176094.0632026158
31200000,29751695.318803255,1448304.6811967455
28000000,31087866.819779888,3087866.819779888
25000000,21772957.781090666,3227042.2189093344
60000000,41305671.848484844,18694328.151515156
75000000,84364508.52686614,9364508.526866138
39500000,49685515.52071306,10185515.520713061
59500000,60807045.10751108,1307045.1075110808
16500000,15681336.73611111,818663.2638888899
71000000,74552374.09434853,3552374.094348535
18000000,16888639.28571429,1111360.714285709
22800000,24338717.743074797,1538717.743074797
80000000,61101855.145877816,18898144.854122184
65000000,68405573.89835164,3405573.8983516395
110000000,90367846.16071427,19632153.83928573
24000000,25102798.648160316,1102798.648160316
27000000,29199204.164689086,2199204.1646890864
18000000,21720978.511904765,3720978.511904765
22000000,35829667.95388074,13829667.953880742
45000000,45942694.036046885,942694.036046885
26900000,24507389.70171958,2392610.2982804216
25500000,25162841.954573203,337158.0454267971
20000000,19813677.168650795,186322.83134920523
50500000,75499373.24358879,24999373.24358879
67000000,90340034.65913124,23340034.659131244
70000000,63856426.3531746,6143573.646825403
51000000,49933637.03536823,1066362.9646317735
45000000,51419196.68452378,6419196.684523784
79000000,87379491.08745222,8379491.087452218
36500000,33050970.49603175,3449029.50396825
27000000,24268049.56216243,2731950.437837571
66000000,64509905.12515147,1490094.8748485297
277000000,160919922.65873015,116080077.34126985
22072500,24849824.873965174,2777324.873965174
71000000,63887062.69858729,7112937.301412709
52000000,48695076.049262926,3304923.950737074
27500000,27256331.28802734,243668.71197266132
15200000,15359288.182518465,159288.18251846544
23000000,23596623.661071118,596623.661071118
24500000,25862828.325971376,1362828.3259713762
74800000,70301413.22230048,4498586.777699515
65000000,76636120.93988404,11636120.939884037
29000000,27348196.726664554,1651803.2733354457
27000000,23762473.76895532,3237526.23104468
24000000,34759962.65918236,10759962.659182362
95000000,105060249.79041079,10060249.790410787
45000000,35173438.40357654,9826561.596423462
215000000,213103815.19841272,1896184.8015872836
52000000,48140904.89652624,3859095.10347376
18000000,20432453.389484297,2432453.3894842975
51000000,64626060.55380851,13626060.55380851
25500000,23858064.995787635,1641935.0042123646
23700000,24672069.33251074,972069.3325107396
39315000,43165438.74525363,3850438.74525363
93000000,75195663.52429272,17804336.475707278
10900000,11079925.714285713,179925.7142857127
58000000,37144792.563146666,20855207.436853334
68850000,77123866.15277773,8273866.152777731
28500000,29429288.680800032,929288.6808000319
30000000,27231784.74206349,2768215.257936511
48500000,46645789.08458534,1854210.9154146612
14000000,21628494.581212047,7628494.5812120475
38000000,45893532.51907791,7893532.519077912
41000000,43253931.17981777,2253931.1798177734
25000000,26772163.234193727,1772163.2341937274
5000000,7106035.317460317,2106035.317460317
32500000,32010216.592229504,489783.40777049586
43500000,54094893.53419458,10594893.534194581
61500000,58989784.233169556,2510215.7668304443
22000000,21167408.371448,832591.628552001
89000000,94280410.39602046,5280410.396020457
33000000,34512818.987406656,1512818.9874066561
19500000,19624135.58943066,124135.58943066001
53700000,51316643.93849207,2383356.061507933
55000000,60501991.0538066,5501991.053806603
27500000,27747834.476066798,247834.47606679797
39000000,31711148.71371147,7288851.28628853
35000000,40956217.141241334,5956217.141241334
35000000,52355006.66413422,17355006.66413422
70000000,44290992.96508604,25709007.034913957
44000000,33969656.1744228,10030343.8255772
28500000,27200868.675448194,1299131.3245518059
28873000,36617485.99207369,7744485.992073692
95000000,73133355.81860322,21866644.181396782
68990000,54048891.4222583,14941108.577741697
42000000,55000448.41674891,13000448.416748911
55000000,40503949.028347455,14496050.971652545
275000000,252706402.38185424,22293597.618145764
35000000,34948814.85282446,51185.14717554301
20100000,21953438.45301831,1853438.4530183114
41000000,46888386.3780174,5888386.378017403
43000000,45138288.93125389,2138288.9312538877
26000000,29395437.562189933,3395437.562189933
32000000,27249373.736702833,4750626.263297167
28500000,36740910.646690354,8240910.646690354
21500000,22264667.55027923,764667.5502792299
48000000,44927691.56980665,3072308.4301933497
81000000,70702988.50672264,10297011.493277356
14800000,13929073.903318908,870926.0966810919
115000000,106252001.93199001,8747998.068009987
67000000,80127769.71155757,13127769.711557567
41500000,40389833.56954289,1110166.4304571077
15000000,27982827.50881143,12982827.50881143
60000000,37881009.66286919,22118990.337130807
35999500,30887268.75851175,5112231.241488252
33000000,28064162.830792993,4935837.169207007
16800000,13099970.476190472,3700029.523809528
45000000,42852823.06614091,2147176.9338590875
64000000,63979695.20347708,20304.796522922814
33900000,35661738.73404227,1761738.734042272
49000000,73801734.96592231,24801734.96592231
20000000,16667404.692099566,3332595.3079004344
27500000,28079297.659340657,579297.6593406573
26000000,25417696.421104442,582303.5788955577
22700000,23041234.83541633,341234.83541632816
66000000,68555705.05776562,2555705.057765618
57500000,72983747.9437004,15483747.943700403
97000000,85593577.30883476,11406422.691165239
39999500,30243149.08862294,9756350.911377061
20000000,22161635.27771393,2161635.2777139284
30000000,31039066.426845316,1039066.4268453158
49800000,55407146.5165162,5607146.516516201
23000000,23919815.59143896,919815.5914389603
32900000,51270683.46763686,18370683.46763686
49000000,60276198.390662335,11276198.390662335
160000000,118405800.22201873,41594199.77798127
87999500,72637003.62103176,15362496.378968239
87000000,78857483.18717039,8142516.812829614
86800000,83034914.61764117,3765085.382358834
41500000,43023002.35091755,1523002.350917548
28000000,29482590.833535388,1482590.833535388
28000000,30827621.0515873,2827621.0515872985
54000000,55950780.331364796,1950780.3313647956
24730000,28285886.339285713,3555886.3392857127
65500000,55029887.987058915,10470112.012941085
36000000,60941074.74250511,24941074.74250511
67000000,85394597.56773981,18394597.567739815
22500000,24203403.001385167,1703403.0013851672
48000000,90046180.25240517,42046180.25240517
14500000,18364949.869071934,3864949.8690719344
44000000,49851502.058518544,5851502.058518544
19500000,24500085.39767483,5000085.397674829
15000000,16306034.253246756,1306034.2532467563
51500000,49092282.786557004,2407717.213442996
77000000,73361633.8219697,3638366.178030297
83000000,79723470.56261972,3276529.437380284
105000000,103534444.08847742,1465555.9115225822
23500000,26467336.60003464,2967336.6000346392
39500000,41502416.431652665,2002416.4316526651
72000000,54890326.30835958,17109673.69164042
21000000,20143577.154255323,856422.8457446769
50000000,85889078.43207079,35889078.43207079
21000000,19810345.397256732,1189654.602743268
45500000,51601937.96121326,6101937.961213261
42000000,36928648.71380392,5071351.286196083
31750000,30352210.780797306,1397789.2192026936
27500000,32350464.313537784,4850464.313537784
23800000,24797472.275715165,997472.2757151648
22999500,23332612.651299104,333112.6512991041
38000000,30824392.31294058,7175607.687059421
158000000,162474625.69241574,4474625.692415744
33000000,32922194.685124487,77805.31487551332
28000000,30642361.922738098,2642361.9227380976
50500000,39247831.534501955,11252168.465498045
42000000,44061640.664453514,2061640.664453514
34200000,30810704.142176844,3389295.857823156
130000000,84518922.54365079,45481077.45634921
59000000,60768382.68649363,1768382.6864936277
70000000,44324384.6467977,25675615.3532023
45000000,46973386.66188434,1973386.6618843377
140000000,162049132.03869045,22049132.038690448
20900000,17866634.16170635,3033365.8382936493
41500000,41643371.554152004,143371.55415200442
90500000,64814614.53307914,25685385.46692086
11000000,10571524.357142856,428475.64285714366
125000000,138990518.4126984,13990518.412698388
22500000,23327352.138632536,827352.1386325359
21300000,30857450.89441666,9557450.89441666
19800000,21048863.824543525,1248863.8245435245
60999500,74423046.84218664,13423546.842186645
53500000,61300769.70971389,7800769.709713891
95000000,101250268.70355791,6250268.703557909
17000000,18021678.79645191,1021678.7964519113
37000000,38705281.42087754,1705281.4208775386
30000000,30921737.783711523,921737.7837115228
31999500,38143465.32556016,6143965.32556016
15500000,11397435.714285716,4102564.2857142836
38000000,42513432.12448495,4513432.124484949
33900000,33565713.93498168,334286.0650183186
24000000,51328110.45846778,27328110.45846778
33900000,60828896.53571426,26928896.53571426
23700000,23530471.591832057,169528.40816794336
37500000,46106461.39872717,8606461.398727171
12900000,63688866.09140144,50788866.09140144
32000000,31243219.18411693,756780.8158830702
50000000,41317270.730856106,8682729.269143894
39000000,36080299.211176895,2919700.7888231054
148000000,139119031.62062472,8880968.379375279
13900000,14089085.820512822,189085.8205128219
27700000,25194980.91081846,2505019.0891815387
30500000,35281569.09211176,4781569.092111759
24500000,27538838.27528191,3038838.27528191
29500000,30481432.212038282,981432.2120382823
58888000,52075074.44545658,6812925.554543421
28500000,29615485.8113951,1115485.8113951012
37500000,37321570.49251463,178429.50748536736
61000000,53162209.53922786,7837790.460772142
39000000,40271705.100289136,1271705.1002891362
28000000,27696178.054274224,303821.94572577626
18500000,22925019.874405585,4425019.874405585
32000000,33015309.598674428,1015309.5986744277
34500000,42577810.40276536,8077810.402765363
23000000,23958308.768913854,958308.7689138539
37500000,35357128.64775428,2142871.3522457182
25000000,24326653.646716285,673346.3532837145
230000000,148788131.58333334,81211868.41666666
28000000,23540715.117494468,4459284.882505532
51000000,58065928.14196443,7065928.141964428
13333000,13376304.099511601,43304.09951160103
41000000,36707681.694966584,4292318.305033416
32000000,34517996.78718646,2517996.7871864587
17350500,18727057.518924557,1376557.5189245567
35500000,36197211.927730486,697211.9277304858
30000000,27738278.21428571,2261721.785714291
53000000,35984137.32604018,17015862.67395982
33000000,43262162.849779904,10262162.849779904
22000000,20121594.13042315,1878405.869576849
82000000,84792222.69262363,2792222.69262363
32000000,33699055.61498055,1699055.6149805486
29300000,32607138.331083383,3307138.3310833834
32000000,39048646.88162938,7048646.881629378
45000000,44995861.419980526,4138.5800194740295
21950000,24823506.783221386,2873506.7832213864
23000000,24969012.164019875,1969012.1640198752
34990000,55600432.689981915,20610432.689981915
59900000,53701335.603450164,6198664.396549836
50500000,39025694.46035673,11474305.539643273
47500000,53974682.95064435,6474682.950644352
27000000,29904489.696969695,2904489.6969696954
36000000,60894879.80471769,24894879.80471769
45000000,39851200.30448808,5148799.695511922
29000000,31673885.449868392,2673885.449868392
28900000,27986825.09445708,913174.9055429213
20500000,23920796.061608195,3420796.0616081953
22000000,25369965.66118828,3369965.6611882783
24000000,28424125.58035714,4424125.580357142
132090000,165906289.9623016,33816289.96230161
59800000,61933298.857539676,2133298.857539676
25500000,26518350.780280948,1018350.7802809477
71000000,66554567.398917764,4445432.601082236
41000000,40482097.91929648,517902.0807035193
26000000,19083874.24795162,6916125.752048381
47900000,75020182.77033733,27120182.77033733
19000000,23860795.621640574,4860795.621640574
26400000,36449671.825582094,10049671.825582094
47000000,58480481.76543392,11480481.765433922
60000000,57045266.46231522,2954733.5376847833
45000000,37241360.051587306,7758639.948412694
90000000,91333323.41730723,1333323.4173072278
60000000,46490831.12351303,13509168.876486972
46500000,49637141.34577315,3137141.345773153
25000000,29148583.7679239,4148583.767923899
49500000,43823803.81850875,5676196.181491248
78000000,69358378.42559524,8641621.574404761
25500000,37187936.505583555,11687936.505583555
50000000,36760505.81461528,13239494.18538472
83000000,78046950.12884223,4953049.871157765
16700000,17925891.90029762,1225891.9002976194
44500000,51247571.84782842,6747571.847828418
380000000,292356796.27976185,87643203.72023815
35900000,40564879.99688911,4664879.996889107
65000000,77432563.88652344,12432563.88652344
23500000,23452371.01266015,47628.987339850515
22990000,23883118.379022926,893118.3790229261
75999500,75913013.1512446,86486.84875540435
42000000,44009232.48066194,2009232.4806619436
36000000,33107616.515714496,2892383.4842855036
48000000,57419910.25634757,9419910.256347567
63000000,54689721.918684036,8310278.081315964
85000000,95269113.84653468,10269113.846534684
14500000,15397600.41269841,897600.4126984105
27000000,29300720.507936507,2300720.5079365075
70000000,59724266.81135168,10275733.18864832
210000000,185462197.8932178,24537802.106782198
45500000,38310465.44200687,7189534.557993129
38000000,45325154.534382336,7325154.534382336
52200000,62441743.98934069,10241743.989340693
118000000,114473005.50021587,3526994.499784127
72000000,52811425.82083531,19188574.179164693
70000000,58989083.829774596,11010916.170225404
40500000,52728666.06463198,12228666.064631984
15000000,22663016.975741453,7663016.9757414535
40500000,43075707.213353455,2575707.213353455
44000000,41384234.11718962,2615765.8828103766
40000000,46917409.60982833,6917409.609828331
25500000,25577805.70033017,77805.70033017173
40000000,37698198.87824141,2301801.1217585877
26000000,30581622.60333737,4581622.60333737
140000000,139899713.52912703,100286.47087296844
92000000,88785150.97403188,3214849.0259681195
15800000,17279113.03571428,1479113.0357142799
36000000,33415576.83676786,2584423.1632321402
16500000,17827611.994047616,1327611.9940476157
45478000,79921866.53410585,34443866.53410585
51000000,55850197.91776351,4850197.917763509
60000000,44222900.12343516,15777099.876564838
35500000,36106527.671309255,606527.6713092551
36000000,57851293.180555575,21851293.180555575
250000000,189286410.7847222,60713589.21527779
27000000,25850129.59974272,1149870.4002572782
48200000,64657789.369739525,16457789.369739525
50000000,35475167.74696395,14524832.253036052
59600000,57170920.50579088,2429079.494209118
48000000,49032083.29698058,1032083.2969805822
24000000,26871065.905932494,2871065.9059324935
25250000,29441276.47134222,4191276.471342221
42000000,36367884.13272524,5632115.867274761
12499500,13022144.541666672,522644.54166667163
35500000,36371141.94040976,871141.9404097572
18000000,20732371.904761896,2732371.9047618955
30000000,24442269.686791696,5557730.313208304
24700000,24903309.118861686,203309.11886168644
25500000,24050912.148704484,1449087.851295516
36000000,37504813.77668495,1504813.7766849473
115000000,101316231.34373422,13683768.65626578
200000000,155596712.50000003,44403287.49999997
80000000,98412817.12366205,18412817.123662055
37000000,37424442.245534554,424442.2455345541
37500000,38757424.358034275,1257424.3580342755
20900000,21910882.442279477,1010882.4422794767
25500000,20672810.333333336,4827189.666666664
25000000,22901095.132049613,2098904.8679503873
29300000,27288012.648065794,2011987.3519342057
32000000,37408223.277636416,5408223.277636416
23500000,26856577.74136101,3356577.741361011
72000000,70098617.15660161,1901382.8433983922
30000000,56054919.643705785,26054919.643705785
19500000,16376561.553571425,3123438.4464285746
24900000,29072461.1294906,4172461.129490599
22800000,22596555.657349892,203444.34265010804
28000000,30707951.40060776,2707951.400607761
55550000,43136603.77197192,12413396.228028081
25000000,22702681.04361446,2297318.9563855417
24500000,23177641.847410947,1322358.152589053
62500000,87643838.13147491,25143838.131474912
79000000,90944888.24866694,11944888.248666942
199999000,206448747.0238096,6449747.023809612
45000000,45942694.036046885,942694.036046885
35000000,38697212.547772825,3697212.5477728248
21499000,22205173.1042441,706173.1042441018
35100000,35168781.627864406,68781.62786440551
24990000,25018013.779961,28013.779961001128
30500000,29667184.901022483,832815.0989775173
45000000,46433281.12480208,1433281.1248020828
21500000,21650190.397450086,150190.39745008573
33900000,26448807.8286022,7451192.1713978015
41000000,37950443.151904255,3049556.848095745
28500000,33521170.62938219,5021170.629382189
41500000,47507642.23987853,6007642.239878528
9500000,17695268.296751708,8195268.296751708
19990000,23299302.328281567,3309302.3282815665
13000000,12862460.833333336,137539.16666666418
21500000,21252842.140747618,247157.85925238207
38000000,51434342.72785136,13434342.727851361
40000000,38026628.78997164,1973371.2100283578
38000000,35424867.30068133,2575132.6993186697
54000000,54367661.40554729,367661.40554729104
22000000,22014849.260283604,14849.260283604264
32000000,32708233.668181486,708233.6681814864
100000000,91350124.05876069,8649875.941239312
14000000,21103654.39351349,7103654.3935134895
30000000,26017233.57476766,3982766.4252323397
27200000,23884435.919437293,3315564.080562707
16000000,16428961.32142857,428961.3214285709
179999500,165605259.44542825,14394240.554571748
62000000,63531391.23507976,1531391.2350797579
21000000,22929133.607142854,1929133.6071428545
45500000,54493174.098195374,8993174.098195374
35000000,42622377.523217805,7622377.523217805
25700000,23821231.137225028,1878768.8627749719
33000000,38109638.197753765,5109638.197753765
23999500,23011076.12307378,988423.876926221
75000000,65684303.68398124,9315696.31601876
26800000,26137036.53340387,662963.4665961303
58000000,52096403.60091296,5903596.399087042
28000000,22801652.98140637,5198347.018593632
41800000,43992591.665025465,2192591.665025465
39990000,45755987.58322393,5765987.5832239315
39000000,41989827.39087924,2989827.3908792436
40500000,41693383.45833335,1193383.4583333507
45000000,48666980.74917453,3666980.749174528
40700000,41479146.364988774,779146.3649887741
30000000,37544966.32377823,7544966.323778227
19200000,21617898.08195223,2417898.081952229
42000000,52611650.22123017,10611650.221230172
33200000,29880003.459050894,3319996.540949106
65500000,79928009.62745291,14428009.62745291
24500000,28845367.1468254,4345367.146825399
130000000,148231229.29653674,18231229.296536744
290000000,312514424.84126985,22514424.84126985
65000000,58886218.254105896,6113781.745894104
23900000,24076237.930819187,176237.9308191873
25500000,27490897.133875858,1990897.133875858
29000000,35538159.49392669,6538159.493926689
21700000,22485366.319173828,785366.3191738278
21000000,19824712.10317461,1175287.8968253918
30000000,34563716.94673182,4563716.946731821
50000000,75552363.27505316,25552363.27505316
20200000,22794657.13602815,2594657.1360281482
59000000,57873295.00344178,1126704.9965582192
60000000,54566290.27492797,5433709.725072034
41000000,59909782.61787517,18909782.617875174
33000000,34105782.55356821,1105782.5535682067
23500000,24107087.433177687,607087.4331776872
22000000,20927984.326914884,1072015.6730851158
130000000,127581123.39687407,2418876.60312593
25482500,36335302.73621553,10852802.736215532
229000000,220344779.67413327,8655220.325866729
32500000,30173978.603170946,2326021.3968290538
35000000,43051824.95286298,8051824.952862978
24900000,23233102.7447975,1666897.2552024983
28000000,28159773.889609676,159773.88960967585
70000000,67001018.73376624,2998981.266233757
47400000,44352865.667278506,3047134.332721494
41000000,42399548.29714954,1399548.297149539
21300000,35295754.98063122,13995754.980631217
44800000,39574836.51019694,5225163.489803061
27306000,28389794.023485266,1083794.0234852657
22000000,27374650.008570857,5374650.008570857
43000000,38181504.49630578,4818495.503694221
44800000,43480033.1694758,1319966.8305241987
85000000,84915845.95166478,84154.04833522439
35000000,42408861.108135514,7408861.108135514
33500000,34223867.91228765,723867.9122876525
35000000,40958705.624472015,5958705.624472015
24000000,22430403.639249645,1569596.3607503548
29990000,31404077.73396863,1414077.7339686304
24000000,25601065.998082053,1601065.998082053
48000000,48857285.02014651,857285.0201465115
21500000,22358939.260140833,858939.2601408325
240000000,239382197.19444442,617802.805555582
21000000,18412272.731601737,2587727.2683982626
56000000,63744069.405663796,7744069.405663796
41500000,43972948.58148629,2472948.581486292
42500000,42105654.58754664,394345.41245336086
29500000,34426827.75388982,4926827.7538898215
65000000,54869428.672620274,10130571.327379726
24990000,26456231.88815558,1466231.8881555796
105000000,102395317.51605348,2604682.483946517
45000000,50625604.39151019,5625604.391510189
27000000,23673878.923747916,3326121.076252084
16500000,22081092.315476194,5581092.315476194
173000000,172708076.9741346,291923.0258654058
11500000,11805801.309523806,305801.309523806
62000000,61690992.72551951,309007.2744804919
30000000,33055052.018006057,3055052.0180060565
23500000,24504466.232599206,1004466.2325992063
15400000,13020117.261904765,2379882.738095235
33950000,34090949.78571429,140949.78571429104
27500000,28034841.725671597,534841.7256715968
17000000,24948337.746031746,7948337.746031746
28500000,28777468.38271119,277468.38271119073
20500000,24003906.99551157,3503906.995511569
20400000,17586463.672619045,2813536.327380955
39000000,40789886.180938035,1789886.1809380352
19000000,24081345.137626007,5081345.137626007
48000000,45199568.7322498,2800431.2677502036
19000000,22616249.666956667,3616249.666956667
28500000,24629086.60922319,3870913.3907768093
23000000,27415118.18253734,4415118.18253734
75000000,117133035.16523264,42133035.16523264
99500000,190938888.33333337,91438888.33333337
28500000,25459686.521454167,3040313.4785458334
17990000,18351483.519034892,361483.5190348923
49000000,57664869.2274487,8664869.227448702
165000000,127057802.95962442,37942197.040375575
17745500,21747908.562843956,4002408.562843956
30500000,32260160.879280843,1760160.8792808428
60000000,80996723.81296028,20996723.812960282
31990000,29375844.230498824,2614155.7695011757
46000000,35085024.62231536,10914975.377684638
31500000,31103859.648611292,396140.35138870776
100000000,108229821.7440968,8229821.744096801
27000000,24004620.317586217,2995379.682413783
28500000,32551424.25812058,4051424.2581205815
22800000,24731138.796559166,1931138.7965591662
29990000,28902963.904050294,1087036.0959497057
56000000,55738090.7757578,261909.22424220294
64990000,56975372.70607389,8014627.293926112
38500000,32360105.823965188,6139894.176034812
27800000,24818102.16542705,2981897.8345729485
55000000,46873144.92029218,8126855.079707824
25000000,24355525.764525518,644474.2354744822
322000000,296511535.57539684,25488464.424603164
76000000,62747973.1176079,13252026.882392101
124900000,95634104.11607376,29265895.883926243
29999500,30947556.79267437,948056.7926743701
114900000,73084260.7103542,41815739.289645806
17500000,19628165.711871095,2128165.711871095
83000000,101223982.25566457,18223982.255664572
68000000,59261409.82356512,8738590.176434882
135000000,145652866.6666667,10652866.666666687
24950000,22758271.14921136,2191728.8507886417
15200000,14457824.404761909,742175.5952380914
22500000,24205875.931398977,1705875.9313989766
29900000,33692041.18644907,3792041.1864490733
25000000,23976980.660866305,1023019.3391336948
35000000,76207910.64134653,41207910.64134653
49500000,50905146.05531278,1405146.0553127825
160000000,167227553.1904762,7227553.190476209
28000000,29531081.08132958,1531081.0813295804
58000000,56219156.323160715,1780843.6768392846
44500000,46948967.02412048,2448967.02412048
81000000,62556192.25091462,18443807.74908538
52000000,72927684.21887794,20927684.21887794
40900000,41291798.39249638,391798.39249637723
28500000,23473906.874247886,5026093.125752114
21500000,24291017.01700613,2791017.017006129
38500000,53917905.331601284,15417905.331601284
20000000,24573585.412613317,4573585.412613317
28000000,24372540.650143385,3627459.349856615
23500000,19854818.26010101,3645181.739898991
29400000,33255252.63511947,3855252.6351194717
22500000,26156289.337530136,3656289.337530136
27500000,29625834.686815385,2125834.686815385
49900000,47580838.987103164,2319161.012896836
28000000,23772836.34608446,4227163.653915539
24400000,26854997.85871026,2454997.858710259
20000000,24953678.627457965,4953678.627457965
18000000,18177877.71825397,177877.71825397015
25000000,25821659.390102033,821659.3901020326
38000000,33553493.80231414,4446506.19768586
32000000,27591379.6087038,4408620.3912962
39900000,35753933.826793425,4146066.173206575
22700000,25348878.197090626,2648878.1970906258
31990000,36219263.91595357,4229263.915953569
13800000,15468670.417738836,1668670.4177388363
56900000,57169209.511388786,269209.51138878614
39000000,33068638.087498873,5931361.9125011265
27300000,29897408.293350257,2597408.293350257
25000000,29436874.298020296,4436874.298020296
36500000,37397378.33547777,897378.3354777694
36000000,36570038.17261906,570038.1726190597
66000000,62921231.348864354,3078768.651135646
66990000,108090848.84512693,41100848.84512693
31000000,33993840.59895169,2993840.59895169
43999000,37053740.320678055,6945259.679321945
45500000,57031605.46045443,11531605.460454427
36000000,39977827.83782793,3977827.8378279284
71000000,72117346.32534644,1117346.32534644
43000000,43026989.90937823,26989.90937823057
64500000,61514782.77233032,2985217.2276696786
30500000,23719652.714056272,6780347.285943728
65000000,64831529.11678471,168470.8832152933
17500000,19474149.588601347,1974149.588601347
38500000,41176602.810850844,2676602.810850844
46500000,32809936.336519673,13690063.663480327
19000000,20886149.058482125,1886149.0584821254
75000000,94486968.76852888,19486968.76852888
36600000,26832165.157929722,9767834.842070278
18500000,26447187.639430765,7947187.639430765
35758000,60632559.44026323,24874559.440263227
25600000,25501218.074454922,98781.92554507777
15500000,15080205.095238095,419794.90476190485
35500000,41953186.037943125,6453186.037943125
32700000,46290172.99169282,13590172.991692819
13000000,14171564.077380948,1171564.0773809478
36000000,29270210.915253654,6729789.084746346
30000000,41219145.82162241,11219145.821622409
20000000,29360419.22420635,9360419.22420635
32500000,37617237.42488556,5117237.424885564
31000000,34648603.33032293,3648603.3303229287
81800000,113927439.00000006,32127439.00000006
45500000,41979638.96702571,3520361.032974288
24500000,24960827.16719843,460827.16719843075
18500000,20355443.29194403,1855443.2919440307
30000000,29822692.758697618,177307.2413023822
40000000,31051051.064166676,8948948.935833324
115000000,88666468.98311111,26333531.016888887
28500000,24850861.13095238,3649138.8690476194
80000000,71248615.13988036,8751384.86011964
50000000,59327264.32407451,9327264.324074507
28500000,31765254.9447108,3265254.9447107986
51000000,43843613.50107094,7156386.498929061
32500000,31976489.498278465,523510.5017215349
27500000,24656980.413003664,2843019.5869963355
31500000,31358326.389028504,141673.6109714955
192000000,223654272.97420636,31654272.97420636
34500000,41826737.85933034,7326737.859330341
70000000,54105237.63767231,15894762.362327687
34500000,32437596.60287507,2062403.3971249312
16900000,16850857.7388653,49142.26113469899
27000000,32530572.936965812,5530572.936965812
35000000,35938655.9813381,938655.9813380986
35000000,36797811.458471596,1797811.4584715962
26500000,35160390.40719409,8660390.407194093
51000000,60454341.14402613,9454341.14402613
28500000,26130735.20321342,2369264.7967865802
30000000,32624884.016268343,2624884.0162683427
45000000,46923926.99496368,1923926.9949636832
39000000,36567184.147947334,2432815.8520526662
32800000,30472007.512930464,2327992.487069536
33500000,32235709.8575917,1264290.1424083002
78000000,60477887.58773716,17522112.412262842
22000000,22283861.581784252,283861.5817842521
24000000,26253592.83645339,2253592.8364533894
76500000,67230963.5546975,9269036.445302501
11000000,10702501.646825401,297498.3531745989
59500000,69029257.00957535,9529257.009575352
67500000,64445186.48957007,3054813.5104299337
47500000,56253784.64798865,8753784.647988647
50000000,43403144.795687154,6596855.204312846
37000000,36424482.524481274,575517.4755187258
54900000,57820877.230010144,2920877.2300101444
18500000,20611452.492180206,2111452.492180206
60000000,34488981.869538434,25511018.130461566
25300000,23552316.486003887,1747683.513996113
105000000,96927468.98039241,8072531.019607589
53000000,59026902.2036751,6026902.203675099
30000000,29621410.07236644,378589.9276335612
92500000,81250622.84544045,11249377.154559553
30000000,27053550.585754108,2946449.4142458923
26500000,25195386.60543563,1304613.3945643716
46900000,43463882.05854975,3436117.941450253
235000000,369989967.8214285,134989967.82142848
95000000,127217807.58861284,32217807.58861284
25000000,25132015.1170635,132015.1170635
35000000,37339470.73939389,2339470.73939389
25000000,20464272.9781746,4535727.021825399
24999500,25555126.943001445,555626.9430014454
103000000,113487582.04365078,10487582.043650776
21990000,22810142.798402473,820142.7984024733
38000000,33085505.605558924,4914494.394441076
25499500,32561635.755721267,7062135.755721267
83000000,89047337.03679237,6047337.036792368
22900000,26586739.942523297,3686739.942523297
24000000,25951943.828129202,1951943.8281292021
49800000,51486209.74763871,1686209.7476387098
38000000,83964007.73340516,45964007.73340516
175000000,204935092.0311147,29935092.031114697
125000000,112620675.17972349,12379324.820276514
23200000,25072666.897018757,1872666.8970187567
44900000,53607295.449562475,8707295.449562475
38300000,33341465.073082514,4958534.926917486
20900000,21449555.134838168,549555.1348381676
31000000,25876019.613510575,5123980.386489425
34500000,32990300.416666657,1509699.5833333433
30500000,33800502.83322281,3300502.8332228065
17940000,18572288.31349207,632288.3134920709
37000000,35914717.739077576,1085282.2609224245
25000000,25087582.394764677,87582.39476467669
40000000,43002133.85919202,3002133.859192021
28500000,27386251.170413155,1113748.829586845
60000000,77107387.11392641,17107387.11392641
21900000,22774431.71425882,874431.7142588198
67900000,79220868.94588745,11320868.945887446
38900000,39532022.699947536,632022.699947536
69500000,67541146.91864529,1958853.0813547075
23800000,24382631.21486111,582631.2148611099
79000000,65832219.97320491,13167780.02679509
50000000,54754861.922794215,4754861.922794215
25900000,29887583.379866034,3987583.379866034
65000000,83858612.33517605,18858612.33517605
35500000,34120829.25639797,1379170.74360203
45000000,46991355.61275377,1991355.6127537712
45000000,44588629.7228405,411370.27715949714
45000000,52308789.31893791,7308789.318937913
28000000,24449924.38972832,3550075.610271681
29900000,38909625.76498075,9009625.764980748
12000000,11836863.928571427,163136.07142857276
71000000,54967128.50978463,16032871.490215369
12000000,11739674.015873015,260325.98412698507
12000000,7890314.990079366,4109685.0099206343
24700000,23044631.773041345,1655368.2269586548
60000000,52560937.1386371,7439062.861362897
25500000,27761569.672816113,2261569.6728161126
66800000,67705123.29053666,905123.290536657
13500000,10870420.498015871,2629579.5019841287
32700000,28514852.08384056,4185147.91615944
105000000,99467301.16519858,5532698.834801421
61900000,85957150.14718416,24057150.147184163
39000000,46184618.76973006,7184618.769730061
42940000,69563994.82336128,26623994.823361278
38000000,46514573.89727662,8514573.897276618
35000000,37072732.07748599,2072732.0774859935
22500000,22269834.67146987,230165.32853012905
91000000,91615020.74991617,615020.7499161661
31500000,36262768.69110019,4762768.691100188
93000000,80266134.90193863,12733865.098061368
55000000,48507117.90983475,6492882.09016525
22000000,24515131.692353796,2515131.692353796
27500000,29772411.58763228,2272411.58763228
220000000,163459854.702381,56540145.297618985
87000000,82104511.32142857,4895488.678571433
85000000,77813075.65474124,7186924.3452587575
72500000,61646429.63746806,10853570.362531938
23600000,25588976.36739096,1988976.3673909605
30000000,32372175.73904063,2372175.739040632
24200000,28248484.72500774,4048484.725007739
42000000,41552084.36511076,447915.6348892376
18000000,14763274.642857144,3236725.3571428563
27000000,29611679.117586914,2611679.1175869144
35500000,25826940.90861368,9673059.091386318
25000000,29572958.58105023,4572958.581050228
27925000,26692232.17268417,1232767.8273158297
46500000,44094333.5751646,2405666.424835399
46900000,47807733.391808815,907733.3918088153
95000000,107965516.73587967,12965516.735879675
60000000,49518954.0790132,10481045.920986801
30000000,28226713.81429574,1773286.185704261
23500000,21361980.940904032,2138019.0590959676
31000000,27649477.298160933,3350522.701839067
13000000,13002608.09386692,2608.0938669200987
109000000,98838688.66951261,10161311.330487385
71500000,75689272.6286977,4189272.6286976933
45000000,38685819.387094274,6314180.612905726
25500000,32099679.183931902,6599679.183931902
25500000,25538510.39863014,38510.39863013849
27000000,24111540.07222812,2888459.927771881
28500000,25510107.439692706,2989892.560307294
43000000,43363115.646913774,363115.6469137743
85000000,64868209.236111104,20131790.763888896
21900000,22098377.735060584,198377.7350605838
110000000,86375781.85495616,23624218.145043835
42000000,37822637.453177005,4177362.546822995
55000000,41813614.43044099,13186385.569559008
23000000,19328160.642857138,3671839.357142862
79990000,54419759.74846721,25570240.251532793
10900000,18339098.61904762,7439098.619047619
39000000,47593057.572494075,8593057.572494075
43000000,52289521.03820157,9289521.03820157
17000000,22581600.61841353,5581600.61841353
42000000,48831218.34464949,6831218.344649494
31200000,32182363.56753988,982363.5675398782
29000000,31769609.110989537,2769609.110989537
26800000,37103120.444846086,10303120.444846086
100000000,126299436.08730164,26299436.08730164
43000000,50202756.26963983,7202756.269639827
29900000,28842027.2943723,1057972.7056276985
175000000,148966073.70287699,26033926.297123015
40000000,39437277.05595483,562722.9440451711
36000000,24090772.230127707,11909227.769872293
20200000,21407905.215644073,1207905.2156440727
59999000,48881996.97808412,11117003.021915883
38000000,37712920.699476704,287079.300523296
35000000,38438056.55166895,3438056.5516689494
19000000,23762247.453624144,4762247.453624144
40000000,41494936.32584291,1494936.3258429095
59700000,65094019.76327427,5394019.763274267
42500000,42268538.77897541,231461.22102458775
58000000,45661073.97494145,12338926.025058553
22000000,22714716.525657114,714716.5256571136
82000000,82026873.37431523,26873.37431523204
23000000,20716718.91865079,2283281.081349209
79600000,67422763.23794642,12177236.76205358
33500000,33103920.44450281,396079.55549719185
15800000,17027043.494609553,1227043.4946095534
93000000,81668851.31486076,11331148.685139239
30000000,26977359.55860806,3022640.441391941
68000000,80206952.77226324,12206952.772263244
38891500,61246835.302060954,22355335.302060954
19000000,22555196.906993,3555196.9069930017
129990000,99365826.60626484,30624173.393735155
41500000,38103673.02209498,3396326.97790502
7300000,8304503.543650793,1004503.5436507929
80460500,90111482.87740327,9650982.877403274
28000000,33215196.147663407,5215196.147663407
31100000,31786181.13855699,686181.1385569908
22000000,19046382.963995546,2953617.036004454
19500000,22122686.984047197,2622686.984047197
35000000,22771963.451804865,12228036.548195135
65000000,59663326.42130527,5336673.578694731
39000000,27138531.449134186,11861468.550865814
43000000,36292836.565476194,6707163.434523806
29000000,29735202.482941203,735202.4829412028
30000000,29101220.14387974,898779.8561202586
120000000,112424100.76048137,7575899.2395186275
175000000,113152222.63278385,61847777.367216155
30000000,32362581.298756715,2362581.298756715
28790000,29359447.024755817,569447.0247558169
80000000,72402344.78641649,7597655.213583514
28499500,34026308.20138889,5526808.201388888
50000000,36202435.05462985,13797564.945370153
95000000,75634957.11322245,19365042.88677755
26000000,28208889.65024177,2208889.65024177
28000000,26914813.58581274,1085186.41418726
30500000,26331905.558513828,4168094.4414861724
7500000,7819021.527777778,319021.527777778
29000000,28438223.05241016,561776.9475898407
35974500,59686114.724429935,23711614.724429935
23500000,19304266.27363445,4195733.726365551
26000000,32078660.097672977,6078660.097672977
29800000,27902139.894317646,1897860.1056823544
41500000,36697384.11407862,4802615.885921381
73000000,83057581.59470674,10057581.594706744
6700000,7388426.757936507,688426.7579365075
44800000,50082866.06349209,5282866.0634920895
27500000,28293819.74267399,793819.7426739894
33000000,33953556.10566983,953556.1056698337
32300000,43094642.464821436,10794642.464821436
76000000,81926234.69597068,5926234.695970684
11000000,12149354.880952382,1149354.8809523825
18500000,19998525.800595235,1498525.800595235
33000000,31698177.58730158,1301822.4126984216
27500000,32099136.171864048,4599136.171864048
37000000,30119446.867768243,6880553.132231757
120000000,138994708.89880952,18994708.898809522
97000000,76772302.45121007,20227697.548789933
44500000,35517655.04362664,8982344.956373356
60000000,62033344.871470064,2033344.871470064
28000000,24413316.04129423,3586683.9587057717
179000000,141654140.47927848,37345859.520721525
43800000,46159273.843620405,2359273.8436204046
46900000,47053083.924877405,153083.92487740517
15500000,19932904.41451796,4432904.414517961
118000000,101877877.04148836,16122122.958511636
44100000,41779089.85138696,2320910.148613043
26000000,23714137.997299958,2285862.002700042
18500000,22211198.64320762,3711198.643207621
27500000,27321397.29128119,178602.70871881023
18500000,20492509.880930595,1992509.880930595
115000000,100306961.06875494,14693038.931245059
51000000,43331282.22444409,7668717.775555909
25900000,28505565.12195778,2605565.121957779
95000000,95333025.44748102,333025.4474810213
33500000,45433066.61271597,11933066.612715967
56000000,55891888.63158649,108111.36841350794
23400000,23880886.891460072,480886.89146007225
84888500,82607889.22783875,2280610.7721612453
60000000,39068443.061747335,20931556.938252665
19900000,21385229.526152503,1485229.5261525027
45000000,43888133.44679588,1111866.5532041192
24000000,26001056.84327473,2001056.8432747312
33500000,27804121.477073703,5695878.522926297
51200000,45668446.499108575,5531553.500891425
15000000,13346859.76190476,1653140.2380952407
45000000,41513673.06978186,3486326.930218138
25000000,21838037.008492295,3161962.9915077053
31500000,29619153.825305495,1880846.1746945046
16900000,17773121.686507937,873121.6865079366
23900000,28756428.801136363,4856428.801136363
40500000,32941406.211358022,7558593.788641978
75000000,75750972.98736733,750972.987367332
30000000,30401703.946106214,401703.9461062141
66999500,58243807.02706917,8755692.972930834
52000000,52685268.01280641,685268.0128064081
28500000,30666880.10532622,2166880.1053262204
120000000,123867065.82738094,3867065.8273809403
37500000,35099056.967705585,2400943.032294415
91000000,64473265.04292019,26526734.957079813
27500000,36366398.22619048,8866398.226190478
31800000,32188656.772952426,388656.7729524262
23500000,22057441.318802767,1442558.6811972335
40000000,35558021.32716846,4441978.672831543
28200000,27382742.656437054,817257.3435629457
21900000,24337437.067460313,2437437.0674603134
55000000,50923369.93650793,4076630.063492067
100000000,100162938.39923441,162938.3992344141
117000000,85816448.64545861,31183551.35454139
60500000,59568584.19603412,931415.8039658815
41500000,54299398.34214057,12799398.34214057
35500000,39591004.32195402,4091004.3219540194
18000000,21945224.028679654,3945224.028679654
36900000,51379614.65873016,14479614.658730157
19051000,22961639.627976183,3910639.627976183
148900000,104749924.28423361,44150075.715766385
55500000,49449197.56295583,6050802.4370441735
110000000,90426699.5459656,19573300.454034403
13000000,13002608.09386692,2608.0938669200987
37000000,49077651.34788785,12077651.347887851
35900000,40526300.48412387,4626300.484123871
56500000,37307392.30582529,19192607.694174707
10500000,9359580.460317459,1140419.539682541
43500000,42040920.592519246,1459079.407480754
70000000,70633205.74326944,633205.7432694435
135000000,127109157.73809524,7890842.261904761
83000000,68180612.58639972,14819387.41360028
24800000,27088142.756421458,2288142.756421458
33000000,36821486.73071373,3821486.7307137325
27000000,25247257.28456893,1752742.7154310718
105000000,79206064.62117541,25793935.37882459
130000000,96287817.02083324,33712182.97916676
36000000,27232840.639367934,8767159.360632066
39600000,52540273.101284415,12940273.101284415
20000000,20577941.95259144,577941.9525914416
41000000,32942776.20541682,8057223.794583179
32000000,26047273.770554982,5952726.229445018
65000000,85882413.54663317,20882413.54663317
25500000,33549605.072045766,8049605.072045766
28500000,25978143.747702584,2521856.2522974163
30500000,29442237.9471863,1057762.0528137013
24900000,26554424.130743533,1654424.1307435334
23000000,26203644.10019932,3203644.1001993194
16500000,16515661.74218796,15661.742187960073
28990000,30245752.593564905,1255752.5935649052
28000000,26724125.79439499,1275874.2056050114
23300000,24709124.9170897,1409124.9170897007
60000000,40700202.170163624,19299797.829836376
27000000,27088234.63992715,88234.63992714882
22500000,25294417.978461906,2794417.9784619063
53000000,47353231.34752588,5646768.65247412
82000000,86004013.74363819,4004013.7436381876
35000000,43735363.6278177,8735363.627817698
27500000,27457494.20250206,42505.79749793932
35000000,34744541.70454547,255458.2954545319
31000000,28610589.636137463,2389410.363862537
45000000,41686199.68060603,3313800.31939397
11670000,23339782.794072818,11669782.794072818
23500000,25905585.12943104,2405585.129431039
21000000,24595929.623885285,3595929.623885285
16500000,16451453.935640344,48546.064359655604
105000000,117348518.30753967,12348518.307539672
15500000,19717691.6704325,4217691.670432501
35000000,33296035.9053724,1703964.0946276002
19500000,19738641.980823237,238641.98082323745
25000000,26022762.520696346,1022762.5206963457
36000000,34782394.00045893,1217605.9995410666
55000000,65584919.10473736,10584919.104737356
125000000,130294880.53373016,5294880.533730164
28500000,25611385.500604667,2888614.499395333
23000000,25553783.622998856,2553783.622998856
16900000,16899237.554882616,762.4451173841953
22500000,24447907.147134863,1947907.1471348628
39000000,35250860.5824861,3749139.4175138995
40500000,43706810.29128258,3206810.2912825793
96900000,101021263.22150066,4121263.221500665
75500000,72608239.64776708,2891760.352232918
24000000,26318320.512695078,2318320.512695078
28000000,28618337.29166667,618337.2916666716
38000000,38171656.726190485,171656.72619048506
48000000,69563603.41539817,21563603.415398166
30000000,31120126.37911686,1120126.3791168593
40061000,56474238.21619331,16413238.21619331
34500000,32116520.81097346,2383479.1890265383
68500000,56138189.880199306,12361810.119800694
55000000,44190556.646073855,10809443.353926145
26900000,25636363.154373698,1263636.845626302
36900000,36078324.4301836,821675.5698164031
21000000,22298545.833333343,1298545.8333333433
70000000,50818073.15901842,19181926.84098158
37800000,38362249.696658604,562249.6966586038
47500000,41736239.35567317,5763760.644326828
85000000,63240629.31571403,21759370.68428597
11700000,10536624.880952384,1163375.1190476157
23000000,24211094.374345258,1211094.3743452579
110000000,84362024.01984127,25637975.98015873
22506500,26820478.900682665,4313978.900682665
43000000,41289916.70728881,1710083.2927111909
31500000,42178885.67343116,10678885.673431158
17800000,19195118.29365079,1395118.293650791
17999500,21513958.51566629,3514458.515666291
30000000,32825845.95236783,2825845.952367831
38000000,42447186.60436719,4447186.604367189
46500000,49042347.4025974,2542347.4025973976
127000000,142168250.0868171,15168250.086817086
35000000,33716947.455802426,1283052.5441975743
155000000,123554255.93936457,31445744.060635433
81000000,84388812.87342936,3388812.873429358
38000000,30592930.416666664,7407069.583333336
32500000,29879561.79499059,2620438.2050094083
34500000,37248335.19246032,2748335.192460321
22500000,26056344.549428068,3556344.549428068
48500000,47941198.821915284,558801.1780847162
25000000,27435753.34689066,2435753.346890658
32500000,46576396.73028289,14076396.730282888
46500000,37221780.64910272,9278219.350897282
50000000,45444606.732440405,4555393.267559595
19900000,22361567.27652548,2461567.276525479
29500000,28745333.64540078,754666.3545992188
63000000,61460569.39557413,1539430.6044258699
67000000,69407698.67345078,2407698.673450783
40000000,50321800.44841269,10321800.448412687
55700000,61161765.72791353,5461765.727913529
17500000,20464068.50087304,2964068.5008730404
38100000,42115225.56013148,4015225.560131483
70700000,50948813.75905084,19751186.24094916
60700000,55887758.585775465,4812241.414224535
90000000,78744347.01984125,11255652.980158746
12000000,10392513.392857147,1607486.6071428526
25800000,26926126.503352113,1126126.503352113
45000000,44465227.95248883,534772.0475111678
61000000,56810980.11585014,4189019.884149857
79000000,67744660.65674604,11255339.343253955
69500000,85305758.07876295,15805758.078762949
24500000,31369019.041792456,6869019.041792456
91000000,83839460.53329593,7160539.466704071
16500000,16499300.189765519,699.8102344814688
38000000,45644181.99814075,7644181.998140752
42000000,45589366.93091808,3589366.9309180826
50500000,45870159.84706677,4629840.1529332325
32500000,32666610.736322418,166610.73632241786
20000000,17830278.80835668,2169721.19164332
120000000,138970615.3095238,18970615.30952379
44750000,46468804.60311059,1718804.603110589
21700000,22265116.306457438,565116.3064574376
90000000,79866711.42261906,10133288.57738094
48000000,48439516.91607806,439516.91607806087
120000000,138909814.43476927,18909814.434769273
169000000,182816238.33333337,13816238.333333373
128000000,130045868.88095237,2045868.8809523731
42900000,63931528.52678572,21031528.526785716
22500000,22563028.759801015,63028.75980101526
29500000,32803295.72982098,3303295.7298209816
59000000,65516550.56400334,6516550.564003341
86000000,99902070.20013803,13902070.200138032
55000000,52253910.46617415,2746089.533825852
30000000,27031094.003489904,2968905.996510096
21500000,20912687.363321494,587312.6366785057
21900000,22857590.268138647,957590.2681386471
65000000,106472044.25794385,41472044.257943854
32000000,29961031.27496676,2038968.7250332385
71500000,81710785.23525205,10210785.235252053
45000000,35536033.021961376,9463966.978038624
45000000,39320481.63287642,5679518.3671235815
55600000,42234054.17275922,13365945.82724078
60000000,57603250.18034768,2396749.819652319
24000000,22700210.651853867,1299789.3481461331
46900000,42049144.16581938,4850855.834180623
16900000,17164944.94061494,264944.94061493874
32500000,31221983.92760706,1278016.0723929405
75500000,81702115.54059722,6202115.540597215
38500000,39929469.40844684,1429469.408446841
23000000,24547941.061174806,1547941.0611748062
29900000,37296247.24491537,7396247.244915374
143118500,130935907.14050613,12182592.859493867
25500000,25349562.24072701,150437.7592729889
35500000,42124810.44329748,6624810.443297483
38000000,35575021.28889665,2424978.71110335
28250000,40446649.88153758,12196649.881537579
38500000,41722642.67416898,3222642.6741689816
150000000,100535652.74036524,49464347.25963476
13000000,13088442.261904757,88442.26190475747
14500000,17438261.04761905,2938261.0476190485
22000000,23432907.58003058,1432907.5800305791
33000000,26865433.724113263,6134566.275886737
47900000,47692762.321195096,207237.67880490422
40000000,38910968.92300938,1089031.0769906193
24450000,25849084.139051437,1399084.1390514374
58000000,69312203.54818232,11312203.548182324
56600000,63119471.809634775,6519471.809634775
47000000,48423102.113298714,1423102.1132987142
47000000,34602573.95503531,12397426.044964693
126000000,101472185.83595744,24527814.164042562
70000000,70205733.9109315,205733.9109314978
20500000,24944138.437684007,4444138.437684007
31500000,32007601.065738067,507601.06573806703
29990000,24892974.072573252,5097025.927426748
65650000,52595922.70209047,13054077.297909528
29062500,31499852.79959059,2437352.7995905913
51500000,78839853.94176157,27339853.94176157
86000000,112004547.94274789,26004547.94274789
30582500,35122367.44073564,4539867.440735638
120000000,133350436.60714291,13350436.60714291
35000000,31674987.73057212,3325012.2694278806
50000000,41856078.62273032,8143921.377269678
42000000,39135112.26369084,2864887.7363091633
29900000,31619439.87794632,1719439.877946321
27500000,25991946.448854923,1508053.5511450768
50000000,54380856.99020723,4380856.990207233
40000000,36456951.172619045,3543048.827380955
32000000,34465323.294665836,2465323.294665836
30000000,31017951.056964103,1017951.0569641031
98000000,66265853.52121378,31734146.478786223
46700000,46666380.117916234,33619.88208376616
225000000,193956622.8679793,31043377.132020712
50000000,46485158.225645535,3514841.7743544653
36132000,44921363.34258401,8789363.342584006
77000000,80561495.13274857,3561495.132748574
52000000,50417508.8839129,1582491.1160871014
24000000,23470171.2997225,529828.7002774999
57000000,68282586.77066363,11282586.770663634
25700000,24683921.581647426,1016078.4183525741
37600000,32360952.425699044,5239047.574300956
8100000,9236111.58730159,1136111.5873015895
35500000,35926635.30509344,426635.30509343743
55000000,52370362.78353423,2629637.216465771
36200000,41402370.61530447,5202370.61530447
19000000,24598172.333493367,5598172.333493367
30900000,28956918.505256467,1943081.4947435334
25500000,25529543.961921677,29543.961921676993
29990000,31040810.71398089,1050810.7139808908
53999000,50636748.34616011,3362251.6538398936
25000000,23272433.79811471,1727566.2018852904
51000000,65067608.69516198,14067608.695161983
45000000,48960052.45139803,3960052.45139803
23800000,27726136.088534188,3926136.0885341875
90950000,70819684.42049807,20130315.579501927
20500000,22430890.811670866,1930890.8116708659
137800000,119783685.72560298,18016314.274397016
55000000,60135418.21560956,5135418.215609558
23500000,21974930.98903206,1525069.01096794
19800000,20562211.40244812,762211.4024481215
29000000,28731564.753968254,268435.24603174627
33000000,32400085.496727623,599914.503272377
36500000,44994382.41037941,8494382.41037941
22500000,23860817.827618513,1360817.8276185133
33000000,32492666.068405934,507333.9315940663
26000000,30248227.803767495,4248227.803767495
27000000,27212244.515553623,212244.51555362344
39999500,38878249.51012781,1121250.4898721874
18500000,18264869.13943532,235130.8605646789
38500000,34498784.24271882,4001215.7572811767
28500000,26444865.90331752,2055134.0966824815
65900000,63013860.264725745,2886139.7352742553
60000000,60352212.04951149,352212.04951149225
26000000,25762774.252062265,237225.74793773517
33000000,30999894.307874303,2000105.6921256967
80000000,73547154.11065316,6452845.889346838
52500000,51638915.1667265,861084.8332735002
40800000,46849932.5610038,6049932.561003797
66000000,74684350.9667274,8684350.966727406
15890000,23337091.102393225,7447091.102393225
26800000,26526230.981483206,273769.01851679385
45000000,29507710.869410764,15492289.130589236
41999000,40282972.851312,1716027.1486880034
30000000,23503700.238095235,6496299.761904765
70000000,76094850.60524535,6094850.605245352
54490000,66937906.799683504,12447906.799683504
15500000,28931006.26884922,13431006.26884922
129000000,206784027.29365087,77784027.29365087
51100000,56036824.84098925,4936824.840989247
24000000,17456841.229437232,6543158.770562768
20500000,25061482.283922564,4561482.283922564
38500000,35285795.78099165,3214204.219008349
15500000,18181242.877162356,2681242.877162356
45999500,51792313.95493865,5792813.95493865
21500000,23898293.91742812,2398293.917428121
72900000,52401506.69419836,20498493.305801637
70000000,62982953.27525325,7017046.724746749
49500000,46939243.435469896,2560756.5645301044
37000000,37247229.848320514,247229.84832051396
45000000,53770841.23961339,8770841.239613391
114000000,108855262.25675625,5144737.743243754
75000000,51115860.540007114,23884139.459992886
41500000,37603505.45146597,3896494.548534028
31900000,33438665.14171118,1538665.1417111792
25500000,25177452.41100066,322547.58899933845
17900000,22162889.283796385,4262889.283796385
27000000,27996546.93309501,996546.9330950119
28500000,28023556.597435817,476443.4025641829
22000000,17866634.16170635,4133365.8382936493
23900000,27593997.34124643,3693997.34124643
24500000,24465013.87412841,34986.12587159127
25000000,26390718.437848087,1390718.4378480874
138000000,129176105.09376957,8823894.906230435
27500000,27577150.212605584,77150.21260558441
34000000,55248223.88072425,21248223.88072425
87900000,96901799.31712963,9001799.317129627
25000000,37765922.18943857,12765922.189438567
23500000,29314494.00897736,5814494.008977361
22800000,22731773.859253872,68226.14074612781
150000000,189860712.80555558,39860712.80555558
49900000,46795945.656868145,3104054.343131855
25000000,24360185.411377646,639814.588622354
100000000,83861789.06877595,16138210.931224048
44900000,37846664.351133205,7053335.648866795
41640000,44555400.88356027,2915400.88356027
150000000,113541164.44246028,36458835.55753972
69000000,83944407.37121746,14944407.37121746
28000000,30305772.709190987,2305772.709190987
27500000,25112642.272718158,2387357.7272818424
61000000,47957837.97848971,13042162.021510288
76000000,95060611.32647389,19060611.32647389
22943000,27628932.177331343,4685932.177331343
19000000,18188441.86507936,811558.1349206418
42000000,37594616.20065618,4405383.799343817
46500000,50464962.85654071,3964962.8565407097
78500000,95723894.02613097,17223894.026130974
43900000,42028228.26293092,1871771.7370690778
39500000,33767616.38022405,5732383.619775951
22000000,22246127.96651332,246127.9665133208
41000000,42189488.74437975,1189488.7443797514
21700000,24202423.22201615,2502423.2220161483
20000000,18536077.211864606,1463922.7881353945
40000000,49761310.818288065,9761310.818288065
27500000,27256331.28802734,243668.71197266132
44960000,56484139.48538962,11524139.48538962
61000000,89440903.64015493,28440903.640154928
46400000,61826822.60705979,15426822.607059792
30000000,27691302.321937613,2308697.678062387
21499000,22205173.1042441,706173.1042441018
38000000,26736231.015857145,11263768.984142855
33500000,41155840.93556632,7655840.935566321
40000000,39950721.45163423,49278.54836577177
40000000,47368421.7008663,7368421.700866297
19500000,17600782.837301582,1899217.162698418
65000000,50911573.33416356,14088426.665836439
29500000,28640142.68949047,859857.310509529
110000000,122194711.80078407,12194711.800784066
11399500,12805925.151098896,1406425.1510988958
45500000,46422151.707266815,922151.707266815
135000000,127109157.73809524,7890842.261904761
63000000,88019867.2730473,25019867.2730473
67000000,73192046.37157744,6192046.371577442
125000000,104927861.785178,20072138.214821994
40000000,48574430.636012554,8574430.636012554
27000000,32010944.004329015,5010944.004329015
33000000,36099887.55760465,3099887.557604648
159000000,133652039.10714287,25347960.892857134
29900000,33440608.60732263,3540608.6073226295
55000000,55002816.56586473,2816.565864726901
45000000,49216183.17063491,4216183.17063491
40500000,51459116.3575996,10959116.357599601
19500000,20646677.614243936,1146677.6142439358
11000000,10942009.563492069,57990.43650793098
47000000,39524698.965333566,7475301.034666434
33000000,36057240.10786841,3057240.1078684106
93000000,78201578.19269376,14798421.807306245
17600000,21296354.07856497,3696354.0785649717
35800000,29467853.541853,6332146.4581470005
69999500,104453956.32142857,34454456.32142857
80000000,61337455.28838329,18662544.71161671
27000000,25342254.262637068,1657745.7373629324
60000000,49220524.33167891,10779475.668321088
39500000,38046673.15574918,1453326.8442508206
115000000,98476181.89109248,16523818.10890752
26500000,28613862.943976335,2113862.943976335
20500000,23290130.736892495,2790130.7368924953
31400000,29298001.179330062,2101998.820669938
24000000,38850942.817551054,14850942.817551054
45000000,39917756.20003645,5082243.799963549
13000000,12282210.087301586,717789.9126984142
52000000,52209797.94617846,209797.94617845863
45000000,44256626.33916047,743373.6608395278
29000000,34931674.67697929,5931674.676979288
16700000,22413737.67304993,5713737.6730499305
35700000,30803979.08333333,4896020.916666672
110000000,121303191.28379093,11303191.283790931
35000000,39331002.47625438,4331002.476254381
28500000,28583741.133658018,83741.13365801796
20500000,32206980.055974472,11706980.055974472
29990000,36039167.69427772,6049167.694277719
65000000,68565433.55059524,3565433.550595239
21000000,23292576.214630257,2292576.2146302573
15000000,15206393.571428573,206393.57142857276
39500000,33611363.31204223,5888636.687957771
53000000,72189337.71825397,19189337.71825397
43700000,36511165.854266346,7188834.1457336545
16500000,18781775.131959032,2281775.1319590323
72000000,84495889.10539156,12495889.105391562
26953000,27715429.77513034,762429.775130339
79999500,80739932.36011906,740432.3601190597
64000000,67691016.4291927,3691016.429192707
14000000,25731172.40826331,11731172.40826331
45000000,55090101.63101437,10090101.63101437
22500000,19742757.566953737,2757242.4330462627
97500000,106121188.36949308,8621188.369493082
22500000,23677611.809781063,1177611.8097810633
16500000,15683152.574127112,816847.4258728884
165000000,136323632.3578193,28676367.64218071
48000000,52142483.82651067,4142483.826510668
33000000,30862912.625541136,2137087.3744588643
17500000,25169564.061480924,7669564.0614809245
80000000,76924194.84418769,3075805.155812308
27000000,25564512.706862587,1435487.2931374125
34000000,34211057.592665315,211057.59266531467
17500000,19574229.101864956,2074229.1018649563
61000000,54351837.4151063,6648162.584893703
22000000,32387328.34993734,10387328.349937338
29000000,26399105.57402527,2600894.4259747304
13500000,17566454.113726553,4066454.1137265526
15000000,13626932.219887955,1373067.780112045
20000000,20358939.22054565,358939.2205456495
55000000,84702173.6452691,29702173.645269096
22500000,22519143.508408424,19143.508408423513
32000000,35963091.15689017,3963091.156890169
100000000,100828609.64223881,828609.6422388107
46600000,43901641.393745996,2698358.606254004
23000000,24268946.750000004,1268946.7500000037
91000000,77468590.86356609,13531409.136433914
52000000,55738357.42179417,3738357.4217941687
32500000,34722172.48561812,2222172.485618122
65000000,66420030.25068304,1420030.2506830394
40500000,41384314.2951879,884314.295187898
39900000,36902437.6979389,2997562.3020611033
35000000,37254055.04275042,2254055.042750418
20900000,27881569.066666685,6981569.066666685
75000000,75072251.45399769,72251.4539976865
21000000,20302451.00321368,697548.9967863187
50000000,44742272.224301666,5257727.775698334
29000000,35000996.785400115,6000996.785400115
55500000,50548319.4308237,4951680.569176301
57990000,58478139.88634515,488139.8863451481
167000000,132353090.77964748,34646909.220352516
36000000,41493309.71998332,5493309.719983317
51000000,40297707.07875457,10702292.921245433
37750000,38987030.35520468,1237030.355204679
31300000,30413208.71260851,886791.2873914912
26999000,27900375.13478669,901375.1347866915
33000000,37598706.38452362,4598706.384523623
69000000,68554263.25186433,445736.748135671
42000000,39205346.73965405,2794653.2603459507
16500000,16515661.74218796,15661.742187960073
175000000,150962471.82435256,24037528.175647438
41000000,35611025.96932673,5388974.030673273
115000000,115207518.44518654,207518.44518654048
22000000,22436223.8202916,436223.8202916011
34700000,30980690.918633685,3719309.0813663155
26000000,24960498.879113708,1039501.1208862923
90000000,62551194.6850324,27448805.314967602
51000000,45144794.55193618,5855205.448063821
25000000,20463110.996964745,4536889.003035255
197900000,239706152.19751084,41806152.19751084
60000000,53836898.817640685,6163101.182359315
120000000,135177984.2261905,15177984.226190507
22500000,23013978.90465418,513978.90465417877
45000000,47425993.65914785,2425993.659147851
23000000,24738814.72416825,1738814.7241682485
25000000,21814216.721508175,3185783.278491825
36000000,39862749.429517314,3862749.429517314
50000000,47139049.215966836,2860950.7840331644
52000000,47858730.01320573,4141269.9867942706
67450000,65737233.46661954,1712766.5333804637
33000000,32492666.068405934,507333.9315940663
55000000,80871609.7229075,25871609.7229075
57999500,54784030.34726712,3215469.652732879
30200000,31431513.776873626,1231513.7768736258
29079000,32916929.38507191,3837929.385071911
34160000,38317779.24569776,4157779.245697759
79000000,85411077.94871795,6411077.948717952
27000000,28319079.20546055,1319079.2054605484
19600000,21424919.63539902,1824919.6353990212
73000000,56513942.44746055,16486057.552539453
26000000,26581161.876696315,581161.8766963147
49000000,95423488.56150438,46423488.56150438
35000000,32558471.92048788,2441528.0795121193
78000000,76630170.71428573,1369829.2857142687
52500000,51638915.1667265,861084.8332735002
57000000,52221570.228519686,4778429.771480314
31500000,38608253.7659451,7108253.765945099
15490000,15987446.42559524,497446.42559524067
130000000,135978206.3121564,5978206.312156409
65500000,55191956.111111104,10308043.888888896
55000000,51559476.00689472,3440523.9931052774
25500000,25069883.005387124,430116.9946128763
17000000,22890162.133326545,5890162.133326545
24000000,21833007.660995707,2166992.339004293
49999500,86802288.09199135,36802788.09199135
20000000,25260710.986674655,5260710.986674655
29000000,32457962.548212882,3457962.548212882
13500000,11702449.40476191,1797550.5952380896
25000000,30692279.196359996,5692279.196359996
58000000,52720267.39096335,5279732.609036647
34500000,33490907.871523045,1009092.128476955
32000000,35148285.60797503,3148285.6079750285
35000000,29682796.64484127,5317203.355158731
117000000,109713625.82131118,7286374.178688824
22499500,25584065.91420903,3084565.9142090306
135000000,180164510.73946357,45164510.73946357
83000000,73984013.45001383,9015986.549986169
43500000,44333721.487894796,833721.4878947958
35000000,34627267.23132134,372732.7686786577
20500000,25040004.528906513,4540004.528906513
14800000,14792851.095238097,7148.904761902988
20000000,22358901.734420534,2358901.734420534
41500000,42143044.776953585,643044.7769535854
21500000,31704192.636788055,10204192.636788055
32000000,33777077.571738265,1777077.5717382655
18468500,19432585.664498437,964085.6644984372
22500000,22538914.67105358,38914.67105358094
125000000,107224166.2006697,17775833.799330294
35500000,37592127.43766927,2092127.4376692697
147000000,130813832.62370491,16186167.37629509
9000000,11001635.119047618,2001635.1190476175
30000000,31501000.68452381,1501000.6845238097
16500000,16944316.494047623,444316.4940476231
14700000,16277238.063492069,1577238.063492069
66000000,58674453.92216291,7325546.077837087
22600000,26844426.33488936,4244426.33488936
42000000,44954784.09879161,2954784.0987916067
24500000,29888896.16199718,5388896.16199718
7300000,9736205.473214284,2436205.4732142836
22000000,22714716.525657114,714716.5256571136
50000000,63238935.96044898,13238935.96044898
16500000,21546574.40277778,5046574.40277778
32000000,36738140.37824141,4738140.378241412
15000000,19469698.951028135,4469698.951028135
49500000,44112786.71786602,5387213.282133982
29000000,25932058.766099963,3067941.2339000367
23000000,24453353.669934098,1453353.6699340977
26000000,26964410.646265317,964410.6462653168
65000000,59792668.59233417,5207331.407665826
90000000,72764829.6327241,17235170.367275894
32000000,29064617.30323787,2935382.6967621297
95000000,86196668.22635414,8803331.773645863
60000000,61252818.85116759,1252818.8511675894
17000000,23862028.16611757,6862028.166117571
23500000,24228408.725792095,728408.7257920951
37500000,36400655.04746642,1099344.9525335804
73500000,66937575.64793804,6562424.352061957
80000000,68764850.68541445,11235149.314585552
22500000,32564916.386553634,10064916.386553634
25000000,24909437.359814472,90562.6401855275
30500000,35041993.44462207,4541993.44462207
13000000,13802167.792658731,802167.7926587313
14000000,20463880.34472318,6463880.34472318
25500000,32504008.13492064,7004008.134920642
23490000,29556974.119047627,6066974.119047627
29490000,27731494.650179222,1758505.3498207778
35000000,36225336.50599945,1225336.5059994534
32990000,34700197.11904761,1710197.119047612
46891500,77442882.2909225,30551382.290922493
15500000,14850210.119047618,649789.8809523825
28800000,29233408.917483654,433408.9174836539
35500000,49984813.2003453,14484813.2003453
50000000,52564141.8095238,2564141.8095237985
15900000,16724697.734976122,824697.7349761222
16500000,13619573.202686198,2880426.797313802
26500000,26834905.296341162,334905.2963411622
70000000,66614449.78047472,3385550.2195252776
34500000,33422278.968864463,1077721.0311355367
48000000,46843548.23939994,1156451.7606000602
25000000,29035611.19119769,4035611.1911976896
29000000,33813747.580483824,4813747.580483824
27000000,34080607.38917885,7080607.38917885
20700000,21619707.609243713,919707.6092437133
67500000,59503778.972292036,7996221.027707964
18000000,20422839.936059296,2422839.936059296
41000000,49066754.707771085,8066754.707771085
21200000,21480071.603817314,280071.6038173139
39000000,33439454.355311356,5560545.6446886435
113000000,125375416.9886586,12375416.988658607
21200000,21813638.821660366,613638.8216603659
62700000,60895222.16536171,1804777.83463829
64000000,59737039.897189595,4262960.102810405
39500000,42573460.118180275,3073460.118180275
38000000,43992327.72874671,5992327.728746712
23000000,24404167.848124094,1404167.8481240943
44000000,41828688.625342116,2171311.3746578842
60000000,75210388.48227046,15210388.482270464
63000000,54822973.07291667,8177026.927083328
35000000,27124934.146945164,7875065.853054836
55500000,61171620.498773485,5671620.498773485
44450000,44783161.08360137,333161.08360137045
30500000,57754522.34126984,27254522.341269843
43000000,41661916.354024425,1338083.6459755749
23300000,25623123.52266118,2323123.5226611793
41000000,47362091.50990228,6362091.509902284
32500000,38698904.583564475,6198904.583564475
50050000,42968132.746814705,7081867.253185295
98000000,64136388.70370067,33863611.29629933
24000000,36490416.645833336,12490416.645833336
24000000,26160064.71904096,2160064.71904096
44500000,44641880.80180211,141880.80180211365
124999500,65019625.23923819,59979874.76076181
55600000,54486168.67570181,1113831.324298188
39000000,33800165.94688644,5199834.053113557
32000000,26226509.826721076,5773490.173278924
21500000,19659443.0967349,1840556.9032651
27500000,28059647.34277432,559647.3427743204
28000000,27280191.996753246,719808.0032467544
27000000,30794063.593787756,3794063.593787756
57500000,49709187.047146454,7790812.952853546
27500000,27835295.196200002,335295.196200002
97000000,89510693.37217826,7489306.6278217435
39500000,52341635.79271003,12841635.792710029
19000000,19981587.019841276,981587.0198412761
27000000,27976422.624274753,976422.624274753
20700000,23464546.575561978,2764546.575561978
170000000,166837124.80555564,3162875.1944443583
22500000,22465848.05884247,34151.94115753099
69000000,56068570.37698414,12931429.623015858
50000000,63205860.12531111,13205860.125311106
28500000,28402312.69368972,97687.30631028116
64000000,49390425.67068033,14609574.32931967
64300000,67730107.73809525,3430107.7380952537
15500000,19764996.7058602,4264996.705860201
24900000,24176112.00396827,723887.9960317314
67000000,57777872.20872651,9222127.79127349
43000000,42684243.74374098,315756.2562590167
48000000,47245447.57666737,754552.4233326316
170000000,139926760.31448376,30073239.68551624
89999000,98680968.10448314,8681968.104483142
49800000,34601830.53823744,15198169.461762562
23000000,23707632.47940094,707632.4794009402
3990000,7243453.420634921,3253453.4206349207
30700000,42957257.91516216,12257257.915162161
72000000,70783932.28992303,1216067.7100769728
8000000,11114084.325396825,3114084.3253968246
54900000,59604603.150090285,4704603.150090285
35000000,32531267.106708933,2468732.8932910673
39000000,48782755.16113287,9782755.161132872
74000000,73574390.17857145,425609.82142855227
50900000,53048188.93987648,2148188.939876482
50000000,47211717.699097894,2788282.300902106
165000000,174504324.2816416,9504324.281641603
20000000,22127625.064410545,2127625.064410545
33200000,31456120.080593515,1743879.9194064848
30990000,30837540.370031465,152459.62996853516
210000000,213682073.21428573,3682073.2142857313
16500000,16512501.633604925,12501.633604925126
38000000,39301806.75913851,1301806.7591385096
37800000,41359904.138336055,3559904.138336055
28000000,25480176.471967444,2519823.528032556
25500000,24135703.335300617,1364296.664699383
119000000,127205726.1403641,8205726.140364096
39999500,29135079.627013694,10864420.372986306
24900000,27053322.55316962,2153322.5531696193
170000000,139339534.551674,30660465.44832599
46000000,55061534.3261278,9061534.326127797
19700000,24692555.58022644,4992555.58022644
79000000,98940194.95197268,19940194.95197268
235000000,253229891.33089137,18229891.33089137
33500000,43937169.54461145,10437169.544611447
49000000,40955853.46612234,8044146.533877663
43500000,48555604.361402474,5055604.361402474
15500000,18067211.41071429,2567211.410714291
44177000,76743832.73617396,32566832.736173958
35500000,31316306.998793416,4183693.0012065843
45000000,34451325.91316883,10548674.086831167
33000000,29371566.36428572,3628433.6357142814
110000000,64306705.23852498,45693294.76147502
31900000,49766354.54634228,17866354.546342283
27000000,29130502.857142854,2130502.8571428545
60900000,79586228.73978172,18686228.739781722
25000000,25012556.669082295,12556.66908229515
37000000,35648626.65213524,1351373.347864762
33000000,28329210.145244207,4670789.854755793
87000000,70116445.39378183,16883554.606218174
30500000,28045031.648855958,2454968.351144042
37500000,45782609.10101552,8282609.101015523
75000000,61696480.1800428,13303519.819957197
58000000,49368469.616694406,8631530.383305594
125000000,104875769.97177848,20124230.028221518
23800000,21483151.267236453,2316848.7327635475
41500000,43496730.8748786,1996730.8748786002
60000000,40260013.930085085,19739986.069914915
24900000,23113871.81358659,1786128.186413411
60000000,67085739.34371751,7085739.343717508
27500000,28235621.37748569,735621.3774856888
22000000,19974123.774767082,2025876.2252329178
31850000,37500494.38070967,5650494.3807096705
33499500,30398054.972900424,3101445.027099576
24500000,24419230.21304098,80769.78695901856
120000000,116384904.45076929,3615095.5492307097
25000000,25837094.547543745,837094.5475437455
32000000,29309076.035404865,2690923.9645951353
19000000,19076730.19588745,76730.19588745013
43000000,37577403.31657464,5422596.683425359
45000000,76063783.7963307,31063783.796330705
79989500,70808208.87102996,9181291.128970042
55000000,44879646.79832914,10120353.201670863
61000000,67340493.37598702,6340493.375987023
22900000,25292630.417748913,2392630.417748913
69900000,73256606.14090736,3356606.140907362
30000000,37317096.10213382,7317096.102133818
31500000,34120829.25639797,2620829.25639797
55000000,48386985.63129542,6613014.36870458
85000000,109837144.33369412,24837144.333694115
39000000,42564935.857140996,3564935.8571409956
26000000,24251479.906728808,1748520.0932711922
20000000,34392948.15674221,14392948.156742208
30600000,32137969.864143256,1537969.864143256
25000000,23578922.835497838,1421077.1645021625
36500000,35504956.340803,995043.6591970026
34350000,32471668.69565156,1878331.304348439
32999500,24336784.826438542,8662715.173561458
58000000,57921635.58241725,78364.41758275032
95000000,106070147.61954364,11070147.619543642
13000000,13891208.095238099,891208.0952380989
30500000,29972708.293252263,527291.7067477368
81200000,68393141.94426408,12806858.055735916
47000000,40934802.41922162,6065197.580778383
68000000,61980829.886597455,6019170.113402545
30000000,25551913.30680798,4448086.69319202
23000000,24759221.93396713,1759221.9339671284
21000000,24774035.906441603,3774035.906441603
13800000,25742732.73412551,11942732.73412551
62000000,37953980.76480463,24046019.23519537
25385000,28162953.911838222,2777953.9118382223
39150000,43251731.90084366,4101731.9008436576
35000000,36500293.257580236,1500293.2575802356
28000000,36932747.664153665,8932747.664153665
39500000,41316852.87660234,1816852.8766023368
65000000,62078912.98719337,2921087.0128066316
62000000,67602265.13757007,5602265.137570068
21000000,22445636.369047623,1445636.3690476231
34000000,29017946.811803937,4982053.188196063
27500000,26645621.715072617,854378.2849273831
58000000,57741420.90576911,258579.09423089027
20500000,21921745.841398105,1421745.841398105
55000000,54952354.070249215,47645.92975078523
24000000,26031810.607588354,2031810.6075883545
55000000,51495574.681929156,3504425.318070844
30000000,35727282.84772273,5727282.8477227315
50000000,50621773.349287815,621773.3492878154
22550000,26501213.073127206,3951213.0731272064
25000000,20537269.203152683,4462730.796847317
47000000,39456888.35954223,7543111.640457772
25000000,22246613.417651787,2753386.5823482126
46500000,46118519.6001221,381480.3998778984
20000000,20241504.800431848,241504.80043184757
50000000,64418958.24368688,14418958.243686877
67000000,70979448.3722453,3979448.372245297
35500000,33108919.555065237,2391080.444934763
30500000,29921040.059911434,578959.9400885664
22000000,24510490.656491496,2510490.6564914957
32000000,27494525.175001763,4505474.824998237
53000000,40294159.13996736,12705840.86003264
30000000,25694210.406423245,4305789.593576755
71500000,58576381.84428173,12923618.155718267
36000000,54735125.640873,18735125.640873
26000000,26576759.844445027,576759.8444450274
23000000,23180258.571428575,180258.57142857462
30800000,29411359.06155062,1388640.938449379
41000000,39111452.157182276,1888547.8428177238
105000000,244699471.15476185,139699471.15476185
95000000,88396044.0096154,6603955.990384594
30299000,29008207.717378724,1290792.2826212756
22500000,27436598.570897892,4936598.570897892
38000000,39517582.89857239,1517582.8985723928
28000000,27369590.723525614,630409.2764743865
38000000,34996747.50962856,3003252.4903714433
24000000,19873448.52182539,4126551.478174608
25950000,28838991.749572538,2888991.749572538
74000000,75559206.03415477,1559206.0341547728
14800000,20035876.139554735,5235876.139554735
31000000,30946071.872617744,53928.12738225609
50000000,147840771.44850492,97840771.44850492
28000000,26421715.303193644,1578284.6968063563
24800000,31035475.22269952,6235475.222699519
20500000,21615056.531590004,1115056.5315900035
54000000,52776210.95238097,1223789.0476190299
115000000,69339134.43619603,45660865.56380397
23500000,22448074.829462204,1051925.1705377959
108000000,97519409.96922547,10480590.030774534
44800000,38741652.19542354,6058347.804576457
44750000,43916227.17785151,833772.822148487
31000000,30282836.165564373,717163.8344356269
132000000,129130945.92425491,2869054.075745091
94146000,103574779.61309524,9428779.613095239
26000000,24353036.7880436,1646963.2119564004
130000000,99487946.96930438,30512053.030695617
7199500,12250905.517857146,5051405.5178571455
35000000,34689190.09615085,310809.90384914726
23000000,22489266.310939465,510733.6890605353
34372000,42297166.11384097,7925166.113840967
26500000,27236401.4945077,736401.4945077002
17000000,13453709.761904769,3546290.2380952314
41000000,32715605.98337684,8284394.016623162
87000000,90723137.43978092,3723137.4397809207
39000000,37645543.63862527,1354456.3613747284
31000000,35757073.00191614,4757073.00191614
49500000,52455219.26550211,2955219.26550211
26000000,24419876.248489805,1580123.7515101954
31000000,28799634.785714302,2200365.214285698
42000000,49144906.456168845,7144906.456168845
79000000,67504234.74258864,11495765.25741136
20900000,28720565.73809522,7820565.73809522
40000000,41201745.2050788,1201745.205078803
27999000,31338167.33094872,3339167.3309487216
30500000,29316590.965160154,1183409.0348398462
24999500,33935896.29608089,8936396.296080887
77500000,63203226.71517028,14296773.28482972
13500000,14496268.402763903,996268.4027639031
43000000,46911451.41259329,3911451.41259329
55000000,68279696.30230883,13279696.302308828
35000000,34263858.771130405,736141.2288695946
74800000,76453371.9851146,1653371.9851146042
30500000,32368504.801858407,1868504.8018584065
23500000,25738860.41206427,2238860.412064269
36500000,35588397.57384722,911602.4261527807
22500000,19816064.98777415,2683935.0122258514
33500000,34907018.45833333,1407018.4583333284
67000000,55675352.69605763,11324647.303942367
59900000,58498978.866414204,1401021.1335857958
70000000,69788859.859685,211140.14031499624
54000000,52075655.57778658,1924344.4222134203
36500000,41292522.67154591,4792522.671545908
85000000,78590378.9308619,6409621.069138095
36000000,39953411.31930205,3953411.3193020523
28000000,33851572.69444444,5851572.69444444
52000000,46452089.346268505,5547910.653731495
49500000,51789673.48425061,2289673.4842506126
32000000,34938020.33170064,2938020.331700638
13000000,11634809.32539682,1365190.674603179
117000000,142630494.91666666,25630494.916666657
31000000,35563778.10588435,4563778.105884351
24500000,25238861.686758194,738861.6867581941
41000000,37920754.80229912,3079245.1977008805
72000000,98654450.14563902,26654450.145639017
13000000,13185372.92070675,185372.92070675083
19600000,21141963.569758717,1541963.569758717
37000000,37348687.22605422,348687.2260542214
40500000,34864088.787908,5635911.212091997
18500000,21864011.268766183,3364011.2687661834
90000000,68392327.11476745,21607672.885232553
23000000,17490036.71088634,5509963.289113659
49500000,37917064.756134145,11582935.243865855
39000000,35624850.03468582,3375149.9653141797
43000000,40481438.781236626,2518561.218763374
46000000,43572250.8403588,2427749.159641199
62000000,63185485.462147914,1185485.4621479139
66000000,60525928.82310705,5474071.176892951
22500000,23933022.945820775,1433022.9458207749
37000000,36341289.75590701,658710.2440929934
17000000,22884969.025974024,5884969.025974024
33000000,32385425.833093442,614574.166906558
45000000,45031272.18099123,31272.180991232395
58000000,46279629.020445585,11720370.979554415
40000000,42162865.15374469,2162865.15374469
32500000,42626175.71500041,10126175.715000413
39000000,27503573.035714287,11496426.964285713
27000000,23711748.035714287,3288251.9642857127
72900000,86623579.34665589,13723579.34665589
58000000,51341624.252601,6658375.747399002
25500000,32366828.73784896,6866828.73784896
27500000,39042109.83576404,11542109.835764043
50000000,42319990.649095364,7680009.350904636
31500000,45061490.93217191,13561490.932171911
35000000,43270403.40224483,8270403.402244829
53500000,46557639.23339892,6942360.766601078
33300000,33200153.013249144,99846.98675085604
38000000,37552868.98809523,447131.01190476865
42000000,29461335.936025124,12538664.063974876
37500000,45025117.743962854,7525117.743962854
75000000,92370949.5029327,17370949.502932698
45500000,49218801.43498268,3718801.43498268
145000000,138202125.96219712,6797874.037802875
31500000,36282961.077380955,4782961.077380955
45000000,39033641.834880255,5966358.165119745
21100000,23377542.920706715,2277542.9207067154
13500000,22235867.688760445,8735867.688760445
23500000,29108738.531927317,5608738.531927317
30000000,29105933.28233473,894066.71766527
46000000,48869675.592161246,2869675.5921612456
39990000,37339855.85658098,2650144.14341902
95000000,101348446.06227772,6348446.062277719
21000000,23806945.370878838,2806945.370878838
47900000,43234831.998585604,4665168.001414396
85000000,78320881.61943577,6679118.380564228
38000000,36083468.23050809,1916531.769491911
95000000,83055288.38261959,11944711.61738041
19990000,24083431.183938485,4093431.1839384846
55900000,86028243.50335367,30128243.50335367
29990000,29859687.120669913,130312.87933008745
45000000,42179647.432693146,2820352.567306854
76500000,66334962.29662698,10165037.703373022
22500000,18869795.939691003,3630204.0603089966
34000000,32849542.965063788,1150457.034936212
90000000,80730627.55555557,9269372.444444433
30000000,24362039.884570032,5637960.115429968
13900000,17444061.912337657,3544061.912337657
14500000,20764659.352325097,6264659.352325097
37000000,38355040.24189219,1355040.2418921888
23500000,24283193.67986158,783193.6798615791
75000000,108814835.67454247,33814835.67454247
36500000,36842386.338859886,342386.33885988593
37000000,36253288.54517032,746711.4548296779
14000000,14386913.095238097,386913.095238097
235000000,253068840.14041516,18068840.14041516
115000000,95640897.64078057,19359102.359219432
160000000,151310535.54653683,8689464.453463167
19000000,21459172.984045077,2459172.984045077
26500000,28734354.10714286,2234354.107142858
33000000,42696311.41752093,9696311.417520933
32200000,32040790.82355031,159209.17644969
85000000,65269563.527909845,19730436.472090155
38500000,24820107.390991107,13679892.609008893
58000000,46550451.68718511,11449548.312814891
28000000,27584988.740481466,415011.25951853395
36900000,34263599.156808496,2636400.8431915045
35000000,42427256.98376624,7427256.983766243
71800000,59558436.65019538,12241563.349804617
40500000,43457975.390370645,2957975.3903706446
18500000,19634258.070873372,1134258.0708733723
28000000,26452716.279791623,1547283.7202083766
20500000,25978873.63834784,5478873.638347842
205000000,161975948.10294637,43024051.89705363
16650000,16168738.88888889,481261.1111111101
62000000,64065064.485472366,2065064.4854723662
26700000,28229181.272177726,1529181.272177726
16500000,13624091.547619047,2875908.4523809534
33000000,39570192.418032184,6570192.418032184
46000000,47565110.22571333,1565110.2257133275
42500000,41764452.44017732,735547.5598226786
45000000,34340136.07253995,10659863.927460052
42000000,40324050.321661994,1675949.6783380061
21000000,23730753.095238093,2730753.0952380933
60500000,90337788.76809043,29837788.768090427
59000000,62892828.53556618,3892828.535566181
17000000,15711439.051587302,1288560.9484126978
153000000,137423801.34119493,15576198.658805072
35000000,27958776.845238093,7041223.154761907
65000000,80561344.85873015,15561344.858730152
222000000,186020621.4722223,35979378.5277777
25000000,22162260.738095235,2837739.261904765
105000000,96080707.47340739,8919292.526592612
10500000,8432006.72420635,2067993.2757936493
38000000,40236043.204594724,2236043.204594724
41500000,41643371.554152004,143371.55415200442
30900000,26574874.233152498,4325125.766847502
61000000,56160111.36713879,4839888.632861212
45000000,44722590.873356044,277409.1266439557
23200000,23547297.935003344,347297.93500334397
27500000,23991217.492402416,3508782.5075975843
32500000,29656156.839753434,2843843.160246566
38000000,35653086.69855191,2346913.301448092
74000000,70522418.90252967,3477581.097470328
135000000,109584261.1845238,25415738.815476194
15500000,15627358.386058385,127358.38605838455
62000000,49276457.57729986,12723542.422700137
51500000,64869846.28038847,13369846.280388467
56900000,57262858.46293038,362858.4629303813
15000000,14372199.414682541,627800.585317459
15500000,15598668.650793653,98668.65079365298
28500000,30377637.839056503,1877637.839056503
24000000,19325537.46626984,4674462.53373016
30000000,26956913.593795095,3043086.4062049054
75000000,79962026.23832232,4962026.238322318
98500000,71161102.58333337,27338897.416666627
180000000,160417955.65202862,19582044.34797138
53000000,56304961.15760229,3304961.157602288
24000000,27023246.23839344,3023246.238393441
29990000,31040810.71398089,1050810.7139808908
32800000,43392527.122006856,10592527.122006856
77999500,59530483.78310146,18469016.21689854
39500000,42928701.22168196,3428701.22168196
45000000,42006750.201392405,2993249.7986075953
90500000,98340432.9828844,7840432.982884407
49900000,82886008.80844034,32986008.808440343
81000000,70702988.50672264,10297011.493277356
74000000,77070316.05274981,3070316.0527498126
35000000,26033889.712099973,8966110.287900027
27000000,27656614.399666734,656614.399666734
76284000,86117248.19047621,9833248.190476209
32000000,35693301.01585298,3693301.0158529803
35000000,44755218.22586527,9755218.225865267
76000000,65797785.168941736,10202214.831058264
22500000,17434234.22254376,5065765.777456239
30500000,27826813.295782298,2673186.704217702
31000000,34677549.185075946,3677549.185075946
48500000,53231906.44388794,4731906.443887942
53500000,46772022.82702305,6727977.172976948
53000000,54989041.332023256,1989041.3320232555
29500000,38794435.13912807,9294435.139128067
46900000,57459601.1103968,10559601.110396802
67000000,58570334.125005096,8429665.874994904
23400000,26891091.23076924,3491091.2307692394
34500000,26641674.134873737,7858325.865126263
40500000,47871720.870340385,7371720.870340385
30000000,27383884.597699255,2616115.4023007452
72000000,83391561.79753718,11391561.797537178
38000000,40568751.586643204,2568751.586643204
28500000,36179615.83594437,7679615.835944369
24800000,28418181.764447406,3618181.764447406
39000000,40643799.554265626,1643799.5542656258
45500000,38933090.45320713,6566909.546792872
30000000,27247264.125368357,2752735.8746316433
24500000,23699386.24376016,800613.7562398389
28000000,28335229.762571942,335229.76257194206
23800000,28000913.999549583,4200913.999549583
26000000,25386398.904739086,613601.0952609144
40000000,34571854.26236263,5428145.737637371
30000000,28107553.007936697,1892446.9920633025
16000000,17921570.854516182,1921570.854516182
23500000,23485867.954991866,14132.045008134097
66000000,65266298.33283842,733701.6671615764
31950000,33719684.47011588,1769684.4701158777
40000000,34021019.237582676,5978980.762417324
38000000,36638133.01329436,1361866.9867056385
44000000,42498081.171174996,1501918.8288250044
44450000,44406657.42883945,43342.571160547435
76000000,106364086.76190479,30364086.76190479
34500000,32638334.20647543,1861665.7935245708
15000000,17795730.2101379,2795730.2101379
27900000,29283213.94989538,1383213.9498953782
60000000,61817959.156746015,1817959.156746015
43000000,39689372.0069276,3310627.993072398
75000000,60665522.74737918,14334477.252620824
57000000,59398056.34099453,2398056.3409945294
35000000,23714132.213295266,11285867.786704734
27000000,25900763.725572146,1099236.2744278535
100000000,70676270.7191789,29323729.2808211
24000000,21673325.1984127,2326674.8015872985
57000000,68038972.563734,11038972.563733995
70500000,79343894.3575586,8843894.357558593
79000000,100516036.5657828,21516036.5657828
27000000,20485734.562500007,6514265.437499993
25000000,23335553.095238104,1664446.9047618955
81200000,74483181.43871164,6716818.561288357
27000000,23386289.8847309,3613710.1152690984
59000000,63137054.40080483,4137054.4008048326
32000000,31378419.480630122,621580.5193698779
95000000,98215067.40324225,3215067.4032422453
49700000,53018611.9325397,3318611.9325397015
115000000,105017832.19013071,9982167.80986929
11100000,13719589.89087301,2619589.8908730093
17900000,21478825.859847393,3578825.859847393
15000000,13347486.85119048,1652513.1488095205
18500000,18854778.491045993,354778.4910459928
27500000,34333099.72646879,6833099.726468787
75500000,103088148.33886206,27588148.33886206
65000000,60006418.31710856,4993581.682891443
40000000,38002011.90334749,1997988.0966525078
29999500,30168356.2914542,168856.2914541997
210000000,175787351.33408043,34212648.66591957
16500000,24449651.017381668,7949651.017381668
48000000,32822044.619047627,15177955.380952373
90000000,95219743.7654364,5219743.765436396
34999500,43957494.16348015,8957994.163480148
72000000,63529268.11275909,8470731.887240909
85000000,70712329.6354756,14287670.364524394
44900000,46583722.491470724,1683722.4914707243
23800000,23723489.84577423,76510.15422577038
44500000,47457839.37695445,2957839.376954451
185000000,159197498.1651786,25802501.834821403
90000000,62537950.974905826,27462049.025094174
68000000,57587010.70644924,10412989.29355076
24500000,22931847.597402602,1568152.4025973976
70000000,82707736.41676265,12707736.41676265
25000000,21433823.39699961,3566176.6030003913
30900000,28866829.758262884,2033170.2417371161
30000000,43741396.76936159,13741396.769361593
20900000,23299919.863770332,2399919.863770332
154000000,122744585.70238096,31255414.297619045
54000000,41917575.16168491,12082424.838315092
21500000,20633229.99287518,866770.0071248189
51000000,56503948.514664814,5503948.514664814
50700000,50856061.89743864,156061.8974386379
60000000,41121907.11848614,18878092.881513856
25990000,28889134.645756222,2899134.6457562223
36000000,35333622.49165456,666377.50834544
32400000,27671893.603215676,4728106.396784324
21500000,25903022.188056145,4403022.188056145
30000000,33353141.229003035,3353141.2290030345
38900000,39438235.7745552,538235.7745551988
26000000,24869144.22997442,1130855.7700255811
25000000,24056840.600036882,943159.3999631181
30000000,31087630.7314832,1087630.7314831987
39500000,39093077.312171616,406922.68782838434
52000000,61944409.99033471,9944409.990334712
14500000,17146798.725707844,2646798.725707844
23300000,24438514.573513094,1138514.5735130943
35000000,25050413.95531778,9949586.04468222
77000000,89314518.50696725,12314518.506967247
26000000,25853053.923212018,146946.07678798214
80000000,77179877.03159538,2820122.968404621
35300000,40951687.86546902,5651687.865469024
34000000,37902777.88528656,3902777.885286562
96000000,58481520.7198444,37518479.2801556
38497500,45804938.125313625,7307438.125313625
111800000,80480474.21372333,31319525.78627667
30000000,24902633.75916454,5097366.240835462
30000000,25635454.540670525,4364545.459329475
19300000,15869421.444097567,3430578.5559024327
28500000,39806878.78497789,11306878.78497789
30000000,32460965.9868476,2460965.986847602
75000000,82355367.92261906,7355367.92261906
44599500,42775738.67756702,1823761.32243298
18000000,20685669.729054138,2685669.729054138
55000000,49104282.514834665,5895717.485165335
18000000,18214080.554383114,214080.55438311398
27000000,20049287.195924416,6950712.804075584
16500000,16596573.321569739,96573.32156973891
27500000,27577150.212605584,77150.21260558441
43000000,41796213.94853888,1203786.051461123
30500000,32345936.933636356,1845936.9336363561
20000000,21797194.3154227,1797194.3154226989
35000000,35600290.011941455,600290.0119414553
39000000,34860053.99813849,4139946.0018615127
48000000,62146568.96364056,14146568.963640563
32000000,35044196.98015873,3044196.9801587313
21700000,21857650.01317577,157650.01317577064
36900000,37514322.44480446,614322.4448044598
50000000,35640252.13842006,14359747.86157994
85000000,103606688.47619043,18606688.476190433
29500000,33208276.868918706,3708276.8689187057
28500000,29234649.11155515,734649.1115551516
65000000,53766548.65260009,11233451.347399913
31000000,38992844.88446994,7992844.884469941
56000000,59050381.91343572,3050381.91343572
29200000,28428099.862871364,771900.1371286362
19500000,21901080.825178016,2401080.825178016
23500000,37515538.040873304,14015538.040873304
24000000,25927099.808339242,1927099.808339242
33500000,28852502.61090372,4647497.389096279
33000000,57557258.07504672,24557258.075046718
23318000,34651720.57507892,11333720.57507892
72000000,48933106.98293632,23066893.017063677
99900000,120108246.2876984,20208246.287698403
52500000,46094011.432251304,6405988.567748696
42000000,52825173.89847242,10825173.89847242
44800000,72397647.60538366,27597647.605383664
57000000,51033728.97610899,5966271.023891009
151000000,140959286.5489687,10040713.451031297
40000000,32663386.560345892,7336613.439654108
47500000,38659679.36711186,8840320.632888138
17000000,12741041.720779218,4258958.279220782
25000000,21375767.460317463,3624232.5396825373
30000000,26498339.31553863,3501660.68446137
19000000,25797590.726790927,6797590.726790927
49500000,73283764.67198516,23783764.671985164
25000000,30373600.244510483,5373600.244510483
36000000,35868810.103543594,131189.89645640552
63000000,54182704.90506716,8817295.09493284
28000000,23578184.231206216,4421815.768793784
29900000,33242160.220894817,3342160.2208948173
33000000,31826752.40298233,1173247.5970176682
35000000,27529763.20833334,7470236.79166666
66000000,62259393.858194724,3740606.1418052763
21900000,22334073.131819077,434073.13181907684
23200000,23444339.111712966,244339.1117129661
86000000,80259914.8182112,5740085.181788802
32839500,38127856.15734771,5288356.157347709
33500000,34859524.61779634,1359524.617796339
24500000,26763707.5862074,2263707.586207401
23000000,23046960.891574264,46960.89157426357
22500000,22676994.95384017,176994.95384017006
120000000,96182916.44728886,23817083.552711144
120000000,106065947.78013687,13934052.219863132
39700000,35215192.812006295,4484807.187993705
35000000,38629618.35649714,3629618.3564971387
17900000,21010442.091108233,3110442.0911082327
80000000,63003568.96440157,16996431.035598427
44800000,42282107.40726636,2517892.5927336365
18600000,17338396.14384921,1261603.856150791
38500000,39061837.262165286,561837.2621652856
26000000,30002012.24860862,4002012.248608619
29600000,26498836.937653255,3101163.0623467453
75000000,68967719.61994271,6032280.38005729
30000000,28923700.80627705,1076299.1937229484
31500000,22156184.9005694,9343815.099430598
19900000,27477374.13492064,7577374.134920642
37000000,34562250.067992225,2437749.9320077747
20000000,25044824.315711964,5044824.315711964
35000000,30444658.11639019,4555341.883609809
55000000,46689603.84863609,8310396.151363909
65000000,83048364.24007934,18048364.240079343
72000000,76139374.14496225,4139374.144962251
27000000,36405790.19392524,9405790.19392524
94000000,88911040.16381055,5088959.836189449
23500000,23248265.40585988,251734.59414011985
54000000,55462421.791083336,1462421.7910833359
31900000,32824827.214461155,924827.2144611552
75000000,65458469.53722042,9541530.462779582
32000000,42944490.802424885,10944490.802424885
180000000,131379286.37377022,48620713.62622978
44500000,41884684.52380952,2615315.4761904776
25500000,25784475.29573934,284475.2957393415
40000000,44337057.3894551,4337057.389455102
129500000,107799795.44766422,21700204.552335784
39999000,35831378.24901723,4167621.750982769
29000000,26256462.812157348,2743537.187842652
40500000,40305911.39849047,194088.60150952637
31900000,29845733.003931493,2054266.9960685074
44270000,83406832.16744997,39136832.167449966
79000000,112975159.10048765,33975159.10048765
30490000,33043487.781806096,2553487.7818060964
24400000,24189823.34433465,210176.65566534922
13000000,12361013.226495726,638986.773504274
38499500,26116981.295590434,12382518.704409566
18000000,18936272.03289474,936272.0328947417
24000000,24640236.354907595,640236.3549075946
10000000,9445022.61904762,554977.3809523806
17000000,16690487.142857144,309512.85714285634
50000000,42647352.89234759,7352647.107652411
29700000,30172239.47318803,472239.47318803146
44500000,59291529.24579188,14791529.245791882
37000000,28382104.10539276,8617895.894607238
11000000,12183036.23629149,1183036.2362914905
31828000,44721538.712339334,12893538.712339334
16500000,16299546.83499099,200453.16500901058
42000000,45952737.640059024,3952737.640059024
25000000,28637887.85201671,3637887.8520167097
16500000,16268005.229496052,231994.7705039475
33744000,48549209.05273063,14805209.052730627
67000000,66959711.48261796,40288.51738204062
26500000,30261964.319803786,3761964.3198037855
30000000,36127048.6176694,6127048.617669404
19472000,24327609.667408094,4855609.667408094
35000000,46533894.06747669,11533894.06747669
27000000,30106027.570879675,3106027.5708796754
40800000,41745065.46047356,945065.4604735598
36700000,34192173.79104993,2507826.2089500725
21900000,21928840.70295092,28840.70295092091
35000000,31756537.893168505,3243462.1068314947
55000000,57589200.89568359,2589200.8956835866
62000000,47294504.75422982,14705495.245770179
39000000,46619542.103142634,7619542.103142634
95000000,120297062.79166669,25297062.791666687
35000000,47653411.19283489,12653411.192834891
30299000,29295232.89061115,1003767.1093888506
69900000,104543314.13690473,34643314.13690473
89000000,108868831.98809524,19868831.98809524
21000000,24690756.039313532,3690756.0393135324
33000000,28381973.362501763,4618026.637498237
43000000,41382715.43539597,1617284.564604029
43000000,39227854.94282257,3772145.057177432
55000000,47378549.90462477,7621450.095375232
34999500,31646956.61417559,3352543.3858244084
49850000,44131158.64300802,5718841.3569919765
31500000,49655568.21503672,18155568.21503672
28500000,34054799.22586685,5554799.225866847
39000000,44745213.08909744,5745213.08909744
57000000,91875773.34316377,34875773.34316377
77500000,75941045.01586263,1558954.9841373712
200000000,204769808.68652177,4769808.686521769
74000000,52314072.578788154,21685927.421211846
28400000,47996514.64881728,19596514.64881728
20500000,21787865.271201026,1287865.2712010257
25000000,35926019.51601441,10926019.516014412
20000000,22901576.729623612,2901576.729623612
24999500,24601056.71604198,398443.28395802155
78000000,65633786.9958818,12366213.004118197
73900000,75249200.14249665,1349200.1424966455
28990000,26370566.036189567,2619433.9638104327
41000000,37506979.782487884,3493020.217512116
24527000,26313022.950278435,1786022.950278435
34656000,49216140.04392131,14560140.043921307
67000000,74839035.52466291,7839035.524662912
52500000,53191290.3950919,691290.3950918987
44500000,42612233.154764086,1887766.845235914
24500000,21474119.481636446,3025880.518363554
120000000,94668358.4147603,25331641.585239694
37000000,27528710.93656738,9471289.063432619
149900000,119496205.91419336,30403794.085806638
22500000,22987587.675366722,487587.67536672205
40000000,30648919.73214045,9351080.267859548
42000000,48160111.03035852,6160111.030358523
30000000,31281471.16810664,1281471.1681066416
61900000,65802905.69739734,3902905.6973973364
38500000,41614970.502418734,3114970.502418734
18000000,17496434.36309524,503565.6369047612
41999000,41384240.52561225,614759.47438775
39500000,41777611.98482274,2277611.9848227426
27500000,27299309.84523809,200690.15476191044
31500000,25163017.749701932,6336982.250298068
37000000,33464903.482434716,3535096.517565284
33000000,42305230.16482177,9305230.164821766
52000000,46211517.66666669,5788482.333333313
55900000,46391642.39835166,9508357.601648338
100000000,99523371.31753132,476628.6824686825
50000000,40903615.40779549,9096384.592204511
37500000,38276633.207107596,776633.2071075961
37000000,31228945.319177333,5771054.680822667
30000000,26435420.26984127,3564579.7301587313
32500000,35022717.78097971,2522717.780979708
17900000,19772821.34634827,1872821.3463482708
112215000,112007286.36068618,207713.63931381702
143000000,98765744.340974,44234255.659026
67000000,70928360.87896825,3928360.8789682537
42000000,44244790.27802426,2244790.2780242637
29900000,30590662.02519092,690662.0251909196
25000000,21411008.30942246,3588991.6905775405
37300000,35367658.18664522,1932341.8133547828
32500000,35421050.49269767,2921050.492697671
48800000,54145831.42707078,5345831.427070782
13500000,17845797.40873016,4345797.40873016
35000000,33813227.19264069,1186772.807359308
24800000,19718148.61111111,5081851.388888892
26000000,28041160.24092414,2041160.2409241386
30990000,30628524.001638904,361475.9983610958
175000000,131222169.47663212,43777830.52336788
51500000,32801380.587086577,18698619.412913423
23500000,24954196.04672072,1454196.0467207208
36000000,37579265.857747644,1579265.8577476442
31990000,37379506.75340414,5389506.7534041405
50000000,29250709.142818537,20749290.857181463
39800000,38391541.38088113,1408458.6191188693
22000000,19209400.967619803,2790599.032380197
33500000,27737071.985594507,5762928.014405493
42000000,35823616.527121544,6176383.472878456
22000000,21557308.16269841,442691.83730158955
53500000,47670942.431452885,5829057.568547115
55000000,42873373.56526379,12126626.434736207
25500000,25912537.976384655,412537.97638465464
25000000,24851544.814346846,148455.1856531538
36450000,33761564.06691249,2688435.933087513
81000000,83699636.66690597,2699636.6669059694
40000000,37641590.87766232,2358409.1223376766
65000000,74844354.11136991,9844354.111369908
95000000,96602498.246512,1602498.2465119958
75000000,42563294.571699895,32436705.428300105
78000000,61832982.2035629,16167017.7964371
130000000,133185894.47137858,3185894.4713785797
20000000,21896897.423473492,1896897.4234734923
40500000,43298996.18672738,2798996.1867273822
28000000,27949267.51687952,50732.48312047869
42000000,50237201.756715514,8237201.756715514
52900000,56163191.083372444,3263191.083372444
40500000,52439415.145118035,11939415.145118035
36000000,94892905.62133446,58892905.62133446
52000000,64138023.724897616,12138023.724897616
105000000,109769258.1761425,4769258.176142499
24000000,24426598.61194074,426598.61194074154
31000000,35611967.3434634,4611967.3434633985
30500000,27460573.886648744,3039426.1133512557
52000000,45925077.55507323,6074922.444926769
25500000,27173040.902920626,1673040.902920626
62000000,54005795.630121835,7994204.369878165
40500000,45790872.043397896,5290872.043397896
32000000,37612412.35069562,5612412.3506956175
55950000,58651303.75105889,2701303.7510588914
33500000,26888741.05702188,6611258.942978121
32000000,24232953.336234607,7767046.663765393
92000000,83710341.01515675,8289658.984843254
53900000,57975408.95517118,4075408.9551711828
21333000,21985989.836727683,652989.8367276825
45000000,42228149.51932082,2771850.4806791767
18000000,23036949.454577446,5036949.454577446
59800000,51713826.62062617,8086173.379373834
300000000,298297926.7063492,1702073.293650806
93000000,118642288.10966648,25642288.10966648
100000000,110683704.96924604,10683704.969246045
63900000,64380007.630897045,480007.63089704514
42000000,29787295.108690783,12212704.891309217
28000000,24087476.5306546,3912523.4693453982
36000000,41847886.32093265,5847886.320932649
39000000,40475618.22232851,1475618.2223285064
23200000,24262196.883461896,1062196.8834618963
68000000,65252160.54560761,2747839.4543923885
56000000,66729099.17579913,10729099.175799131
49500000,51663536.663632505,2163536.6636325046
49000000,61683002.79519768,12683002.79519768
16500000,16884831.040737256,384831.0407372564
55000000,58037010.848573655,3037010.848573655
49500000,98048473.35714284,48548473.357142836
50000000,46368614.99557216,3631385.004427843
49000000,44395849.38675301,4604150.613246992
24000000,23127400.668283463,872599.3317165375
42000000,27788769.747885775,14211230.252114225
51500000,49882352.443121605,1617647.5568783954
53000000,51205795.30396086,1794204.6960391402
31000000,29366503.875761446,1633496.1242385544
52000000,62056460.36830489,10056460.368304893
33900000,27553372.806255847,6346627.193744153
75000000,81123269.14755064,6123269.1475506425
30000000,31163236.63273072,1163236.6327307187
45500000,44495020.97121478,1004979.0287852213
62677000,74382977.0297619,11705977.029761896
28000000,41414657.55372868,13414657.553728677
118888500,101869141.24208736,17019358.757912636
26600000,31266202.56865593,4666202.56865593
72999500,77673350.69532251,4673850.695322514
42700000,40375937.38079173,2324062.619208269
35000000,37477833.04530443,2477833.0453044325
34500000,36778362.20660443,2278362.2066044286
33000000,34026637.88203848,1026637.8820384815
48000000,46644308.43885899,1355691.5611410066
22000000,23157192.911074396,1157192.9110743962
15500000,15549589.484126987,49589.484126986936
74700000,76824288.045605,2124288.045605004
20000000,24028759.86263737,4028759.862637371
38000000,34339498.02091325,3660501.9790867493
67000000,66959711.48261796,40288.51738204062
95000000,77352808.1348697,17647191.865130305
16500000,16594932.23214285,94932.23214285076
30500000,33277253.98809522,2777253.98809522
15999500,20336923.693452377,4337423.693452377
30000000,33446675.107843142,3446675.107843142
75000000,101353017.91596633,26353017.915966332
18300000,20971521.08259209,2671521.0825920887
43500000,59176558.91324983,15676558.913249828
90000000,98539909.48214285,8539909.48214285
111000000,81895759.11632164,29104240.88367836
27769000,39290538.92303005,11521538.923030049
24000000,22253909.87698413,1746090.1230158694
26000000,32701505.163105194,6701505.1631051935
27000000,25549410.411457382,1450589.5885426179
69999500,46474377.20702611,23525122.79297389
33500000,29764187.29044684,3735812.70955316
23340000,30947788.963339496,7607788.963339496
35500000,32386779.864966244,3113220.1350337565
35500000,35958018.33542392,458018.3354239166
130000000,106969892.3309485,23030107.6690515
51000000,52529929.608911924,1529929.608911924
30500000,30267617.676821247,232382.32317875326
40500000,42941667.371692635,2441667.371692635
79000000,83587428.12582034,4587428.125820339
21500000,21362645.72761907,137354.27238092944
24500000,23385123.08676047,1114876.9132395312
41000000,42666552.433441564,1666552.4334415644
37500000,40421722.76233611,2921722.7623361126
49000000,52568505.76198078,3568505.7619807795
65000000,79001362.74549513,14001362.745495126
13500000,16485641.69209956,2985641.69209956
35000000,36827872.38001734,1827872.3800173402
28000000,25142435.710701875,2857564.2892981246
30000000,30319918.126602203,319918.12660220265
22000000,26386155.212187532,4386155.212187532
28000000,33688923.492615215,5688923.4926152155
38000000,32341981.976372104,5658018.023627896
28800000,31354202.56898762,2554202.568987619
32400000,45859421.57205303,13459421.57205303
80900000,86935844.57281633,6035844.572816327
21500000,23711688.912176937,2211688.912176937
25000000,23737888.777986217,1262111.2220137827
43000000,39724280.838475324,3275719.161524676
35000000,32832011.86000071,2167988.139999289
62000000,51928511.451740846,10071488.548259154
46500000,38427336.49098753,8072663.509012468
33000000,31744415.300496325,1255584.699503675
39000000,37379655.81140415,1620344.1885958463
29500000,30481432.212038282,981432.2120382823
46500000,44200497.3740842,2299502.625915803
30500000,32153833.58337659,1653833.5833765902
31000000,34998367.67489377,3998367.6748937666
33500000,43793585.327380955,10293585.327380955
40000000,36511505.27912471,3488494.720875293
25000000,20773766.911914796,4226233.088085204
29500000,35335961.1297423,5835961.129742302
8200000,9356536.854166666,1156536.854166666
26800000,29540101.449644767,2740101.4496447667
36500000,35198108.372327544,1301891.6276724562
40000000,30442072.5388094,9557927.4611906
38500000,29536503.626524955,8963496.373475045
21500000,19984673.711940836,1515326.2880591638
24000000,23570108.031669956,429891.9683300443
50000000,60939312.67710717,10939312.67710717
49500000,45802790.163722254,3697209.8362777457
45000000,52524638.75833206,7524638.758332059
85000000,99852508.46670824,14852508.466708243
99999500,72888593.28602551,27110906.71397449
90000000,91999558.9710724,1999558.9710724056
42000000,43160346.74889949,1160346.7488994896
51000000,51168717.5983479,168717.5983479023
29500000,28640600.196151186,859399.8038488142
46000000,48691892.91304177,2691892.9130417705
15400000,14487143.2256839,912856.7743161004
73500000,57539408.53583506,15960591.464164943
60500000,66053390.31811792,5553390.318117917
39000000,51406205.37785035,12406205.377850354
101900000,99441970.11884789,2458029.8811521083
29500000,31196389.129056368,1696389.129056368
29900000,29729503.45123013,170496.5487698689
59500000,61758847.67830147,2258847.6783014685
15500000,15499142.135642136,857.8643578644842
64710000,53361038.95014871,11348961.04985129
55000000,52495509.0137416,2504490.9862584025
34000000,32621131.939791106,1378868.0602088943
26000000,26655471.66705319,655471.6670531891
14100000,15690095.875000006,1590095.8750000056
36500000,36064605.80820991,435394.191790089
16500000,16142711.268973675,357288.7310263254
85000000,73684902.37685895,11315097.62314105
23500000,24672592.13326718,1172592.1332671791
37000000,30852881.85639816,6147118.1436018385
77000000,91146637.06064162,14146637.060641617
60000000,51075323.92956704,8924676.070432961
130000000,60934499.31036999,69065500.68963
18500000,23247083.404732246,4747083.404732246
35500000,35786621.21588699,286621.21588698775
26600000,30173998.627092343,3573998.627092343
59500000,41971596.519261196,17528403.480738804
42000000,43164324.43903728,1164324.4390372783
38600000,40022742.072124586,1422742.0721245855
24800000,23127568.731440436,1672431.268559564
36000000,33264607.852871463,2735392.1471285373
107000000,101031325.2879249,5968674.712075099
30000000,30696376.94692199,696376.9469219893
47300000,46979049.28596851,320950.7140314877
47000000,50977775.00793652,3977775.0079365224
41000000,36886998.04890988,4113001.95109012
30333000,32688238.834551726,2355238.8345517255
20000000,21426507.396337293,1426507.396337293
66000000,96421506.36507936,30421506.36507936
49500000,48576226.91179655,923773.0882034525
33500000,35556901.851190485,2056901.851190485
120000000,129392861.0714286,9392861.071428597
90000000,110384109.71726188,20384109.71726188
18500000,26937162.328603506,8437162.328603506
148000000,140059916.6111111,7940083.3888888955
32500000,36412494.94871448,3912494.94871448
42000000,37422789.64737893,4577210.352621071
26490000,26726423.747698803,236423.7476988025
45000000,44861675.26316228,138324.73683772236
23999500,25021921.30411128,1022421.3041112795
40500000,47054789.815852545,6554789.815852545
29900000,34338750.63082536,4438750.630825363
35000000,28581163.37417558,6418836.625824422
20000000,19230217.064640764,769782.9353592359
52000000,55532943.15682752,3532943.156827517
80000000,66831089.02613493,13168910.97386507
19000000,23128644.21626985,4128644.2162698507
25500000,28397008.968017086,2897008.9680170864
39500000,35775960.33898431,3724039.6610156894
42000000,49632599.63480652,7632599.634806521
39000000,43713784.641706616,4713784.641706616
41000000,50700443.04468066,9700443.044680662
72000000,97254758.9312206,25254758.931220606
23500000,18342983.580662247,5157016.419337753
38500000,36992910.32148958,1507089.67851042
38500000,37765520.99376932,734479.0062306821
41000000,50700443.04468066,9700443.044680662
35000000,36849172.75682653,1849172.7568265274
67000000,66559321.33202271,440678.66797728837
35500000,33114836.842945352,2385163.157054648
41000000,40623525.80196033,376474.19803967327
61000000,51952585.811204016,9047414.188795984
88000000,91739583.26327142,3739583.263271421
53000000,42708283.702391975,10291716.297608025
63500000,62636160.199172184,863839.8008278161
31900000,37893658.45113691,5993658.451136909
21500000,28218306.75539434,6718306.75539434
50500000,37339291.57539682,13160708.42460318
76000000,63548002.22096706,12451997.779032938
15500000,15499142.135642136,857.8643578644842
87000000,127205186.824027,40205186.824027
149000000,128636519.36817177,20363480.631828234
29500000,31664768.520899754,2164768.520899754
30800000,36508419.965277776,5708419.965277776
67700000,67755687.71788527,55687.717885270715
45000000,50545646.39032395,5545646.390323952
24800000,26640435.01710193,1840435.0171019286
75000000,64054309.98045515,10945690.019544847
41000000,38065363.994783,2934636.005217001
68000000,50297238.98557387,17702761.014426127
23500000,25001611.999128666,1501611.9991286658
105000000,101247538.15885784,3752461.8411421627
53750000,79892138.95775564,26142138.95775564
23900000,25031806.076010026,1131806.076010026
25000000,25855609.713801857,855609.7138018571
33900000,39248247.323309354,5348247.3233093545
70000000,54036409.27735455,15963590.722645447
19000000,20960584.380525883,1960584.3805258833
45000000,46500559.921153896,1500559.9211538956
36500000,31311490.211863052,5188509.788136948
49500000,48819814.60962932,680185.3903706819
21500000,25597868.883995052,4097868.8839950524
48800000,45003100.448209874,3796899.5517901257
27000000,34851875.60088369,7851875.6008836925
27500000,30571665.271892264,3071665.2718922645
48000000,44037160.30570214,3962839.6942978576
39900000,40360281.11885841,460281.1188584119
53000000,51388350.43471199,1611649.5652880073
41000000,45146350.00547801,4146350.0054780096
49500000,47348616.511567354,2151383.488432646
35500000,42643329.63788374,7143329.637883738
55000000,60092706.734202646,5092706.734202646
32500000,44075856.3549072,11575856.3549072
130000000,157371476.61796537,27371476.61796537
17700000,17292110.327380948,407889.67261905223
11000000,10942009.563492069,57990.43650793098
32500000,31246581.531934462,1253418.4680655375
19500000,23744883.07780363,4244883.07780363
94500000,87119178.65804112,7380821.34195888
29800000,34878833.13296798,5078833.132967979
38990000,42514710.05982697,3524710.05982697
23000000,23182811.741966575,182811.74196657538
56000000,72028455.14360535,16028455.143605351
80000000,82773544.9504826,2773544.950482607
33000000,26298644.468032975,6701355.531967025
21500000,28375378.0094331,6875378.009433098
33900000,26713154.973587003,7186845.026412997
63000000,47615374.99373835,15384625.006261647
22500000,24386767.582844876,1886767.5828448758
49200000,54646944.929528035,5446944.929528035
51000000,45858836.63671251,5141163.363287494
141400000,135499647.26965234,5900352.730347663
29900000,25555956.923876014,4344043.076123986
35000000,35672738.03733251,672738.0373325124
11800000,12385899.999999998,585899.9999999981
57999500,50980955.51681284,7018544.483187161
29000000,33977698.028920144,4977698.028920144
58000000,50893656.96478175,7106343.035218246
12500000,12982726.041666672,482726.04166667163
28200000,26624039.111736283,1575960.8882637173
35500000,41689095.788493775,6189095.788493775
30000000,25020328.55922043,4979671.4407795705
16500000,16277988.942911258,222011.05708874203
67500000,53818210.867570765,13681789.132429235
92000000,98297271.95678724,6297271.9567872435
85000000,83134075.46207877,1865924.537921235
74999000,65064121.60942314,9934878.390576862
49000000,47940354.65593321,1059645.3440667912
18999500,20763046.21626984,1763546.2162698396
51000000,54142873.42623973,3142873.426239729
34000000,37225214.81937208,3225214.8193720803
35000000,33157725.77678255,1842274.22321745
51500000,47761999.05907734,3738000.9409226626
39000000,49048754.80302626,10048754.803026259
27000000,25697943.136904754,1302056.8630952463
27000000,33534254.91436424,6534254.914364241
36000000,41310935.369370535,5310935.369370535
260000000,220429308.4512986,39570691.548701406
39500000,40288439.86005115,788439.8600511476
43000000,41238825.64328001,1761174.356719993
32500000,18014768.162272748,14485231.837727252
90000000,74902735.43398267,15097264.56601733
29990000,31645286.95123054,1655286.9512305409
25000000,23234763.96311064,1765236.0368893594
60000000,55186839.37735384,4813160.62264616
18500000,17669274.720418464,830725.2795815356
46300000,51702078.90364956,5402078.903649561
24000000,25195921.522635337,1195921.522635337
29500000,30103138.15830041,603138.158300411
275000000,297450088.88888896,22450088.888888955
53900000,46226900.37590354,7673099.624096461
23500000,25586173.6607143,2086173.6607142985
25000000,25012556.669082295,12556.66908229515
60000000,60113809.4448436,113809.44484359771
67000000,66439094.26596431,560905.7340356931
65000000,50002578.02416362,14997421.975836381
28500000,36671829.96676824,8171829.966768242
42000000,49021498.00143958,7021498.001439579
48000000,62689523.96626884,14689523.966268837
165000000,151431810.6780409,13568189.321959108
30000000,32969528.08357188,2969528.083571881
40000000,74499266.27189317,34499266.27189317
45000000,49089612.359723605,4089612.359723605
60000000,116303719.04761906,56303719.04761906
39500000,49464034.75650278,9964034.756502777
44900000,44429705.99924133,470294.00075867027
16800000,19899767.31992637,3099767.31992637
18500000,21120207.58722478,2620207.5872247815
59900000,55436352.67099926,4463647.329000741
89000000,80346312.39484127,8653687.605158731
104000000,125001813.93013996,21001813.93013996
102000000,93309080.24472918,8690919.755270824
26500000,23729098.271610647,2770901.7283893526
145000000,142959296.46539342,2040703.534606576
23000000,23727187.883537337,727187.8835373372
42500000,45547411.14491449,3047411.144914493
30000000,29918584.301079277,81415.69892072305
33500000,39988740.051179715,6488740.0511797145
67000000,77992134.62688124,10992134.626881242
49000000,62444559.45337981,13444559.45337981
27000000,28035777.855134998,1035777.8551349975
16000000,18350076.60714286,2350076.607142858
37000000,41469883.27566992,4469883.275669917
42125000,49400376.124300525,7275376.124300525
28000000,26142200.49438632,1857799.505613681
26000000,30385959.77480158,4385959.774801578
39000000,43329579.46130952,4329579.461309522
55000000,54425499.79204497,574500.2079550326
61245000,67522755.06475747,6277755.064757466
46000000,47411191.29368291,1411191.2936829105
51000000,43573027.80502575,7426972.194974251
55500000,66459761.92602045,10959761.92602045
55000000,62867347.63436756,7867347.634367563
26000000,19589787.142857146,6410212.8571428545
26000000,33625308.37993218,7625308.37993218
44800000,42965869.62856174,1834130.3714382574
75000000,47056336.50088964,27943663.499110363
65900000,69703875.65726817,3803875.6572681665
32000000,38417250.85040653,6417250.8504065275
34500000,28889157.89778558,5610842.102214418
120000000,122918812.0383608,2918812.0383608043
36500000,34008308.52191565,2491691.478084348
26000000,32386552.944048624,6386552.9440486245
31000000,32304903.1668537,1304903.1668536998
82000000,89131231.1190476,7131231.119047597
22924500,22949342.075531136,24842.075531136245
28000000,35651852.52316066,7651852.523160659
165000000,149212302.30158728,15787697.698412716
41000000,38870074.452173114,2129925.547826886
69900000,54844705.47707739,15055294.522922613
27000000,26801211.769711584,198788.23028841615
30000000,30149497.49648065,149497.4964806512
36000000,32443428.331843976,3556571.668156024
27500000,34226630.949896306,6726630.949896306
55000000,55426750.17857144,426750.1785714403
28950000,29322905.650387183,372905.65038718283
66495000,76970538.69788675,10475538.69788675
11500000,12058964.36507937,558964.3650793694
51000000,38971216.886148736,12028783.113851264
29300000,35783373.772848934,6483373.772848934
240000000,242424853.84559882,2424853.845598817
43000000,50327836.97603001,7327836.976030007
35850000,56953907.73613859,21103907.73613859
27500000,26650198.878265772,849801.121734228
24000000,26560592.737318106,2560592.737318106
44000000,67300935.82914422,23300935.829144225
100000000,87348888.53100285,12651111.46899715
66500000,62736401.78417014,3763598.2158298567
32839000,38293065.85255283,5454065.852552831
14500000,14832076.865079368,332076.86507936753
52500000,50502369.17403828,1997630.8259617165
48500000,53357609.975682914,4857609.975682914
33000000,37036094.62800016,4036094.6280001625
144000000,142380634.14153463,1619365.8584653735
26500000,25073565.472998545,1426434.5270014554
138000000,107485481.35104665,30514518.64895335
32000000,32930412.173099037,930412.1730990373
36000000,41463493.58891174,5463493.588911742
26500000,27936223.547955528,1436223.547955528
24500000,23265928.182877794,1234071.817122206
45700000,46954524.07972894,1254524.0797289386
22500000,22110485.427745156,389514.572254844
35000000,30675669.828891233,4324330.171108767
60000000,54815759.9261248,5184240.073875196
34000000,34520997.49147616,520997.49147616327
46000000,41937220.03461201,4062779.9653879926
19500000,20074693.603991605,574693.6039916053
36000000,37458702.68453861,1458702.6845386103
15000000,11737138.095238097,3262861.904761903
28500000,21660389.741071433,6839610.258928567
26999000,28464132.60654885,1465132.6065488495
37800000,35542179.18539021,2257820.8146097884
70000000,68415359.94489716,1584640.05510284
29400000,26630711.48912909,2769288.510870911
66500000,70544137.10900526,4044137.1090052575
16900000,15753979.464285713,1146020.5357142873
45500000,43679691.03856329,1820308.9614367113
55000000,44210432.215811975,10789567.784188025
20000000,22687023.422147814,2687023.422147814
21900000,23386970.783397153,1486970.783397153
44500000,44784382.85786386,284382.85786385834
16700000,21139458.221866533,4439458.221866533
26990000,27435993.34794372,445993.3479437195
35500000,40301795.038857736,4801795.038857736
39999500,45257279.161502734,5257779.161502734
62000000,49089287.057997815,12910712.942002185
43000000,49354516.75623601,6354516.756236009
37000000,35145574.208287954,1854425.7917120457
45000000,40224168.673176214,4775831.326823786
25500000,25365647.413100913,134352.58689908683
29500000,32172582.788099684,2672582.788099684
17500000,17665761.606734358,165761.60673435777
28900000,30346949.501299318,1446949.501299318
41000000,39939618.64965322,1060381.3503467813
50999000,48012490.01482317,2986509.9851768315
34000000,34422232.40843101,422232.40843100846
25000000,33275977.9711807,8275977.9711807
17000000,16447476.66437729,552523.3356227092
31000000,35375030.6305283,4375030.630528301
39000000,34741998.64285716,4258001.357142843
32500000,31316805.19723747,1183194.8027625307
30000000,28517638.91403409,1482361.085965909
49500000,57229811.90517453,7729811.905174531
71999500,81803029.89160545,9803529.891605452
25000000,24741489.251706615,258510.7482933849
17200000,14866073.52272727,2333926.4772727303
22400000,23591921.43265465,1191921.432654649
18200000,14417507.83241758,3782492.1675824206
30500000,25780652.536209706,4719347.463790294
29000000,32209745.33510457,3209745.33510457
28500000,28333139.96699135,166860.03300864995
41500000,41490661.68686726,9338.313132740557
38000000,29260595.887777533,8739404.112222467
69900000,113885473.31249042,43985473.31249042
45000000,49717205.13802058,4717205.1380205825
205000000,142698222.9826603,62301777.01733971
25000000,28749908.576629438,3749908.5766294375
27000000,25731656.460823055,1268343.5391769446
23500000,18616621.41053391,4883378.589466091
20500000,26163054.84545991,5663054.845459908
160000000,131253168.08688599,28746831.91311401
39900000,41976298.02437559,2076298.0243755877
85500000,61226503.95222467,24273496.04777533
15000000,16388671.111111112,1388671.111111112
36000000,51504821.36433837,15504821.364338368
18800000,21193336.467913307,2393336.4679133072
29500000,30481432.212038282,981432.2120382823
13000000,13205692.764735265,205692.7647352647
45000000,57421488.769258186,12421488.769258186
26000000,27298359.330911215,1298359.3309112154
50500000,57228734.78174604,6728734.781746037
15000000,18368628.357142854,3368628.3571428545
43990000,43529406.952220656,460593.047779344
34500000,35256346.84804256,756346.8480425626
89000000,62412072.234788515,26587927.765211485
44500000,41489558.93566061,3010441.064339392
22000000,21622993.955652695,377006.04434730485
60000000,37653447.08372211,22346552.916277893
46278000,56972277.666911565,10694277.666911565
62000000,47746630.73622597,14253369.26377403
8000000,8409637.857142858,409637.8571428582
24000000,23730469.236480564,269530.7635194361
29000000,32110904.611451425,3110904.6114514247
35500000,42776419.18857879,7276419.188578792
66000000,88281387.82139227,22281387.821392268
52000000,54914800.441798836,2914800.441798836
34500000,32967783.354320213,1532216.6456797868
160000000,134804265.625,25195734.375
35500000,38796315.379633605,3296315.3796336055
30500000,35018267.94377129,4518267.943771288
110000000,163794621.16269845,53794621.16269845
38000000,36223749.75512378,1776250.2448762208
29999500,19156473.78841992,10843026.211580079
27500000,26094488.74660965,1405511.2533903494
19500000,22061023.289667286,2561023.289667286
37999500,59863595.4986024,21864095.498602398
67000000,63999795.41360056,3000204.5863994434
39721000,52152368.18584722,12431368.185847223
12999000,13640304.771780502,641304.771780502
27000000,27621938.420798108,621938.420798108
32000000,27356302.034659963,4643697.965340037
43000000,51918056.83459356,8918056.834593557
19000000,18922991.431083135,77008.5689168647
33000000,47828496.548665434,14828496.548665434
35900000,39197928.764061615,3297928.764061615
76000000,73840329.57997054,2159670.4200294614
26999000,25099462.875081066,1899537.124918934
62500000,60385069.017098024,2114930.9829019755
40800000,56387153.09952285,15587153.099522851
55000000,62447191.8081785,7447191.808178499
35000000,41226782.44814391,6226782.448143907
65000000,85832678.75425863,20832678.754258633
39900000,37432861.39682541,2467138.6031745896
24000000,27864139.470938373,3864139.4709383734
15500000,15432363.293650791,67636.70634920895
25500000,22836908.837540474,2663091.162459526
16700000,16201120.954816021,498879.045183979
121189000,116749485.14210865,4439514.857891351
70500000,72030346.67834601,1530346.678346008
23000000,23322067.656655844,322067.6566558443
42777500,62869574.9906814,20092074.990681402
110000000,69538200.78879325,40461799.21120675
41500000,45808999.97327505,4308999.9732750505
54000000,51863341.82853783,2136658.171462171
28200000,37260808.63849768,9060808.63849768
86000000,83936036.24277495,2063963.7572250515
43990000,47927774.91310299,3937774.913102992
60000000,59737667.638888925,262332.3611110747
43000000,39455980.19520032,3544019.8047996834
42000000,43499859.443490066,1499859.4434900656
34000000,27274353.804193698,6725646.195806302
10000000,15117164.609126983,5117164.609126983
67999000,78051218.41670352,10052218.416703522
26000000,26994908.672304086,994908.6723040864
28000000,27691433.522658113,308566.4773418866
41000000,37579014.43276814,3420985.5672318563
270000000,287385539.20238096,17385539.202380955
37500000,38281446.37392394,781446.3739239424
23000000,16559258.976190472,6440741.023809528
23500000,26012994.678396363,2512994.678396363
36000000,40863986.9047619,4863986.904761903
26500000,26536778.24693928,36778.24693927914
27500000,25362424.303571425,2137575.6964285746
19000000,20531930.172410745,1531930.1724107452
29500000,27198985.135809086,2301014.8641909137
30500000,30585735.98588741,85735.98588740826
110000000,117255592.99435493,7255592.9943549335
33499500,30624724.416598286,2874775.5834017135
24500000,29580498.48046176,5080498.480461761
18795000,19259213.759276103,464213.7592761032
25000000,25878091.836555377,878091.8365553766
34000000,33385633.55238973,614366.4476102702
55550000,55722642.56647621,172642.56647621095
46000000,47799010.9967995,1799010.9967994988
49800000,54513347.803806655,4713347.803806655
39990000,42162865.15374469,2172865.15374469
148000000,113168881.6553832,34831118.3446168
27900000,29129448.5471743,1229448.547174301
46000000,50943028.17605311,4943028.176053107
70000000,63556362.41660101,6443637.58339899
122000000,101036338.76132232,20963661.23867768
86000000,87622736.13842492,1622736.138424918
265000000,279817040.25488394,14817040.254883945
49500000,54715148.22795719,5215148.227957189
60500000,70255886.10058115,9755886.100581154
52000000,54930944.98067286,2930944.9806728587
46424000,46315804.308695406,108195.69130459428
19999500,22379710.484672442,2380210.484672442
32000000,25683846.279935125,6316153.720064875
22500000,21690460.386612307,809539.6133876927
19900000,22940709.6347116,3040709.634711601
31100000,43483489.00904559,12383489.009045593
23500000,23981825.216214333,481825.21621433273
38500000,32329705.099144597,6170294.900855403
30000000,33856805.81348461,3856805.813484609
139000000,99246605.04337567,39753394.95662433
26000000,29709057.096278068,3709057.0962780677
22500000,22719015.646451455,219015.6464514546
29500000,34312421.807539694,4812421.807539694
42000000,35167595.292619854,6832404.707380146
25300000,29197893.18123383,3897893.1812338307
39372000,41341860.94599181,1969860.9459918067
25990000,23767104.890257426,2222895.1097425744
21000000,21691347.916666675,691347.9166666754
32000000,34974728.009987146,2974728.0099871457
124900000,110892705.09290285,14007294.907097146
11000000,7760937.214285711,3239062.785714289
18700000,20693145.813982066,1993145.8139820658
230000000,240253480.18082607,10253480.180826068
120000000,143535218.29787216,23535218.297872156
34500000,36711066.396145076,2211066.3961450756
70617000,78078614.30392446,7461614.303924456
29500000,29631035.636628028,131035.636628028
13500000,13442117.976190474,57882.023809526116
73000000,56145129.66269844,16854870.33730156
25500000,24542899.7797619,957100.2202381007
25000000,25619158.78740531,619158.7874053083
22000000,29150883.412698418,7150883.412698418
34500000,32990300.416666657,1509699.5833333433
28000000,37577992.733218014,9577992.733218014
23000000,30271778.01519622,7271778.015196219
44000000,42514004.64167235,1485995.3583276495
30500000,31066496.438044887,566496.438044887
17200000,20942694.497272063,3742694.497272063
95000000,129453746.2203905,34453746.2203905
24500000,27200868.675448194,2700868.675448194
14500000,18399114.95884144,3899114.9588414393
60000000,83911032.31896466,23911032.31896466
42800000,41457652.94501883,1342347.054981172
48050500,55662724.243550226,7612224.243550226
56500000,62906781.522857875,6406781.522857875
18000000,19727717.55917521,1727717.5591752082
77500000,69212032.64879914,8287967.351200864
34000000,37930159.1355784,3930159.1355784014
39000000,43172729.332914755,4172729.3329147547
36000000,34745483.863133654,1254516.136866346
50000000,45878201.499487765,4121798.500512235
355000000,400397444.7380951,45397444.738095105
35000000,41012828.3957913,6012828.3957913
30000000,28405307.5545934,1594692.4454066008
41000000,35215240.26388666,5784759.73611334
63500000,54649822.28253446,8850177.717465542
77000000,71405063.20702967,5594936.7929703295
36000000,39962681.19679777,3962681.1967977732
39990000,44145994.56574598,4155994.5657459795
26900000,34023199.11438829,7123199.114388287
56000000,60637998.701629594,4637998.701629594
29500000,37403926.98158872,7903926.981588721
19000000,18728493.00109451,271506.9989054911
45000000,63870598.31755652,18870598.317556523
72000000,71585311.68650796,414688.3134920448
70000000,46048255.34694005,23951744.653059952
24000000,25495775.866749242,1495775.866749242
35000000,33874101.325293094,1125898.674706906
40000000,38314540.99180704,1685459.0081929564
14200000,13702405.595238095,497594.40476190485
16900000,16793396.814098354,106603.18590164557
300000000,237837703.85517272,62162296.14482728
28000000,29488735.926132306,1488735.9261323065
35000000,25847754.381370448,9152245.618629552
22000000,23762908.337703966,1762908.3377039656
33500000,29640947.610650364,3859052.3893496357
48000000,44841035.41016522,3158964.5898347795
94000000,84898351.428495,9101648.571504995
32000000,31285226.668221105,714773.3317788951
46570000,44189787.71025364,2380212.289746359
29990000,27022419.029512983,2967580.970487017
64800000,61312444.703430526,3487555.296569474
37300000,33021142.39977443,4278857.600225572
35000000,34518089.452380955,481910.5476190448
23000000,23698114.90220343,698114.9022034295
35000000,44584210.48168499,9584210.48168499
81000000,87424850.24097933,6424850.240979329
20000000,26891631.216383472,6891631.216383472
29990000,31728369.170874387,1738369.170874387
14000000,11927306.785714291,2072693.214285709
25200000,27725468.992063504,2525468.9920635037
24500000,25723604.783629164,1223604.783629164
50000000,39174700.25396827,10825299.746031731
39000000,48523638.96364764,9523638.963647641
33500000,41748268.25169723,8248268.251697227
47000000,61377949.395683326,14377949.395683326
38800000,44650883.57633172,5850883.57633172
29340000,47559827.04953915,18219827.04953915
25000000,24240926.59790502,759073.4020949788
68000000,71397053.94026951,3397053.940269515
37000000,30115204.045286182,6884795.954713818
16500000,22455060.477926224,5955060.4779262245
50000000,64227493.73629259,14227493.736292593
10500000,10736483.92857143,236483.9285714291
65000000,64831529.11678471,168470.8832152933
22000000,25956292.669823166,3956292.669823166
17900000,23794073.393711373,5894073.393711373
41400000,39329157.17857143,2070842.8214285672
25500000,28211133.786700148,2711133.786700148
52100000,51384015.4423854,715984.5576146021
37489500,37692830.21034155,203330.2103415504
19500000,19907359.070838463,407359.07083846256
300000000,231151464.38924956,68848535.61075044
31800000,32188656.772952426,388656.7729524262
13900000,13992166.464285713,92166.46428571269
63500000,46214843.15867405,17285156.841325954
30500000,34178803.00321665,3678803.0032166466
12800000,14961792.857142856,2161792.8571428563
49900000,42236580.42537901,7663419.574620992
52000000,48418019.322556734,3581980.677443266
21500000,24063972.192010485,2563972.1920104846
72000000,70905892.3177008,1094107.6822991967
120000000,131449827.86644611,11449827.866446108
32000000,30864037.373473745,1135962.6265262552
22500000,23617518.765819196,1117518.7658191957
125000000,134016010.17063494,9016010.17063494
95000000,94323423.88304979,676576.1169502139
51000000,46508114.17897109,4491885.821028911
35540000,38211808.2022769,2671808.2022769004
76000000,49657500.15162737,26342499.84837263
24500000,28469439.389270462,3969439.389270462
28000000,39184638.66442642,11184638.664426424
38990000,48485476.25730185,9495476.257301852
29000000,37457816.03009645,8457816.030096449
46000000,43006255.1062199,2993744.8937800974
32500000,32884449.409986928,384449.4099869281
57000000,64418001.11557586,7418001.115575857
20500000,19601036.103625536,898963.896374464
88000000,77392852.06907931,10607147.93092069
31000000,41797052.588517845,10797052.588517845
26500000,30208543.375514764,3708543.3755147643
22500000,27492243.044211224,4992243.044211224
45000000,49653637.591724835,4653637.591724835
85000000,134160836.15052514,49160836.15052514
53500000,56112739.60138345,2612739.6013834476
57000000,64382152.644310206,7382152.644310206
75000000,107121637.49206345,32121637.492063448
65000000,83873319.73174666,18873319.73174666
105000000,101889085.99882622,3110914.0011737794
33000000,31194765.07027701,1805234.9297229908
30990000,30201010.367389325,788989.632610675
62000000,64097627.62294449,2097627.622944489
93000000,94676570.26513898,1676570.2651389837
52070000,61370142.628968276,9300142.628968276
47000000,45277305.57608792,1722694.4239120781
51000000,49501471.568957336,1498528.4310426638
45000000,53924392.28894881,8924392.288948812
25500000,23384555.624436874,2115444.375563126
90000000,96842870.6898961,6842870.689896107
75000000,59850832.45153186,15149167.548468143
15000000,23178714.94047618,8178714.940476179
44500000,38162124.56673963,6337875.433260366
83022000,107750129.11169596,24728129.11169596
31000000,28730228.373006485,2269771.6269935146
49900000,98797305.1560887,48897305.156088695
39500000,48338740.68207099,8838740.682070993
70000000,70223198.168131,223198.16813099384
27500000,28131155.168650795,631155.1686507948
23500000,34790151.03384656,11290151.033846557
19500000,19698137.215277787,198137.2152777873
36500000,37623230.74539456,1123230.7453945577
62000000,57316578.23346656,4683421.766533442
20000000,22519461.024273485,2519461.024273485
44000000,41222040.3966117,2777959.603388302
44900000,54420648.440719195,9520648.440719195
94000000,101497935.2635159,7497935.263515905
27990000,31301498.16428205,3311498.16428205
25700000,22975969.885525316,2724030.114474684
16000000,16689144.979853485,689144.9798534848
98000000,103030400.05388224,5030400.053882241
75000000,59208230.47271824,15791769.527281761
30000000,29979549.77088213,20450.22911787033
39999500,36195994.77631405,3803505.22368595
42000000,34627330.18571735,7372669.814282648
65000000,46681073.1544152,18318926.845584802
16900000,16981069.750141162,81069.75014116243
27900000,39383976.32207229,11483976.32207229
27500000,28079297.659340657,579297.6593406573
30000000,26115241.625073284,3884758.374926716
56000000,55748533.44587867,251466.55412133038
37000000,34193505.26390275,2806494.7360972464
45000000,48645855.3263969,3645855.3263968974
44800000,42403529.58495327,2396470.415046729
28000000,26782658.804158676,1217341.1958413236
23400000,31618100.935911722,8218100.9359117225
30000000,30358895.493055563,358895.4930555634
35000000,30409173.222469598,4590826.777530402
24500000,25932217.70649775,1432217.7064977512
108000000,100139049.24602507,7860950.753974929
40500000,43459004.92231842,2959004.9223184213
49500000,46293382.57816634,3206617.4218336567
43500000,45699031.0462096,2199031.0462096035
24000000,19733271.092872173,4266728.907127827
78000000,60486020.61962132,17513979.38037868
45000000,40108779.354497984,4891220.645502016
19500000,22421824.047619052,2921824.047619052
29900000,31231897.671768297,1331897.6717682965
45500000,34512939.914672144,10987060.085327856
28500000,27521625.01656737,978374.9834326282
26000000,23499851.29128935,2500148.708710652
34000000,36644725.193452395,2644725.1934523955
32000000,32237338.617605668,237338.61760566756
33000000,37780332.94474363,4780332.944743633
28500000,28422209.722920623,77790.27707937732
27000000,32903716.41023995,5903716.41023995
5500000,17116019.314560432,11616019.314560432
62000000,64394084.354925215,2394084.3549252152
29500000,39518513.14065428,10018513.14065428
32900000,33727637.99121876,827637.9912187606
31000000,28438515.781658545,2561484.218341455
76000000,95069452.93761437,19069452.937614366
39500000,40896274.255020805,1396274.2550208047
24800000,25140399.938667588,340399.93866758794
31000000,42593376.94265392,11593376.942653917
65000000,52560789.05673457,12439210.94326543
38500000,39061837.262165286,561837.2621652856
39000000,37069000.10720826,1930999.8927917406
22950000,24237978.44825762,1287978.4482576214
27500000,26930638.10420734,569361.8957926594
45000000,39944748.29744315,5055251.7025568485
10000000,11261904.107142856,1261904.1071428563
140000000,130379863.09523807,9620136.904761925
27500000,26457168.649116363,1042831.3508836366
35000000,39899509.13537508,4899509.1353750825
36000000,43054574.47174606,7054574.471746057
53000000,59165450.07778469,6165450.077784687
20368500,24166039.85107764,3797539.8510776386
85000000,56106189.56537741,28893810.434622593
26000000,25687576.70511741,312423.2948825918
37500000,37700389.87421487,200389.87421487272
43000000,35624400.22774052,7375599.772259481
23800000,27718837.015957393,3918837.0159573928
13600000,22976265.317733515,9376265.317733515
24500000,32287917.204565763,7787917.2045657635
23000000,22801899.015944153,198100.98405584693
265000000,230408048.03902122,34591951.960978776
27000000,23152848.476184748,3847151.523815252
90000000,128599319.39785638,38599319.397856385
235000000,384610463.4047618,149610463.4047618
55900000,51602732.141739435,4297267.8582605645
43500000,43486426.937083654,13573.062916345894
45150000,43061141.01487258,2088858.9851274192
24000000,25298415.413038317,1298415.413038317
39000000,33570294.4580905,5429705.541909501
41800000,38011236.352800064,3788763.647199936
98000000,103363418.43159012,5363418.431590125
24200000,23336401.783765543,863598.2162344567
19900000,23466564.70380466,3566564.7038046606
106153000,123351935.29166663,17198935.291666627
18700000,21698441.993224803,2998441.9932248034
22000000,16177299.79761905,5822700.20238095
22500000,30792808.599695507,8292808.599695507
35500000,29041295.01626904,6458704.983730961
80000000,81808636.2327752,1808636.2327751964
38900000,50072975.72676947,11172975.72676947
23800000,25966786.04273125,2166786.0427312516
17500000,13859879.084967317,3640120.915032683
16500000,16596573.321569739,96573.32156973891
24500000,22561485.354900204,1938514.6450997964
38000000,37254484.78886252,745515.211137481
77000000,69203304.7698512,7796695.230148807
25000000,27270119.771344163,2270119.7713441625
34000000,32150015.65727002,1849984.3427299783
24952000,29910160.179563478,4958160.179563478
32500000,37343888.72117646,4843888.72117646
28000000,35973881.92846457,7973881.928464569
27500000,31940455.188225135,4440455.188225135
31800000,27924921.8927506,3875078.1072494015
22000000,19478765.425595243,2521234.5744047575
37000000,27417682.617468346,9582317.382531654
24000000,24426788.66323555,426788.6632355489
43500000,44471670.29666701,971670.2966670096
20000000,20507442.238602582,507442.23860258237
54900000,56432914.13436641,1532914.134366408
53500000,64819197.73509333,11319197.735093333
23490000,23897298.929097317,407298.92909731716
17999000,19846699.127120387,1847699.1271203868
33500000,36616879.89069264,3116879.8906926364
35000000,41400657.273809515,6400657.273809515
48000000,28709180.919913415,19290819.080086585
44300000,48059105.38593998,3759105.385939978
20000000,19930591.78219697,69408.2178030312
65500000,73651249.31254058,8151249.312540576
35800000,39943361.477966785,4143361.4779667854
21000000,18902549.31547619,2097450.6845238097
39500000,41946659.46702203,2446659.4670220315
39500000,49356757.15707216,9856757.157072157
33500000,31513824.400152184,1986175.599847816
79000000,62047898.38810972,16952101.61189028
33000000,36416949.61221045,3416949.6122104526
37500000,28294479.749740433,9205520.250259567
19500000,24639253.33638814,5139253.336388141
48000000,50118829.76015545,2118829.760155447
24000000,23126920.064386174,873079.9356138259
55000000,50165813.135800675,4834186.864199325
24500000,22748659.860975023,1751340.1390249766
16800000,20668147.470087484,3868147.4700874835
272162000,239648255.38689056,32513744.61310944
68000000,65861196.32042203,2138803.679577969
40000000,34635237.50178473,5364762.498215273
45000000,45708253.010250814,708253.0102508143
23000000,22562974.16666667,437025.83333332837
